Column,2023_value,2024_best_match,Similarity_Score
Health Service Area,New York City,New York City,100.0
Health Service Area,Hudson Valley,Hudson Valley,100.0
Health Service Area,Western NY,Western NY,100.0
Health Service Area,Finger Lakes,Finger Lakes,100.0
Health Service Area,Central NY,Central NY,100.0
Health Service Area,Capital/Adirond,Capital/Adirondacks,87.5
Health Service Area,Long Island,Long Island,100.0
Health Service Area,Southern Tier,Southern Tier,100.0
Hospital County,Bronx,Bronx,100.0
Hospital County,Rockland,Rockland,100.0
Hospital County,Allegany,Allegany,100.0
Hospital County,Livingston,Livingston,100.0
Hospital County,Manhattan,Livingston,47.05882352941176
Hospital County,Westchester,Westchester,100.0
Hospital County,Kings,Kings,100.0
Hospital County,Queens,Queens,100.0
Hospital County,Orange,Orange,100.0
Hospital County,Steuben,Steuben,100.0
Hospital County,Onondaga,Onondaga,100.0
Hospital County,Erie,Erie,100.0
Hospital County,Columbia,Columbia,100.0
Hospital County,Nassau,Nassau,100.0
Hospital County,Herkimer,Herkimer,100.0
Hospital County,Otsego,Otsego,100.0
Hospital County,Schoharie,Schoharie,100.0
Hospital County,Delaware,Delaware,100.0
Hospital County,Monroe,Monroe,100.0
Hospital County,Ontario,Ontario,100.0
Hospital County,Sullivan,Sullivan,100.0
Hospital County,Suffolk,Suffolk,100.0
Hospital County,Oneida,Oneida,100.0
Hospital County,Albany,Albany,100.0
Hospital County,St Lawrence,Saint Lawrence,88.0
Hospital County,Madison,Madison,100.0
Hospital County,Cortland,Cortland,100.0
Hospital County,Chemung,Chemung,100.0
Hospital County,Montgomery,Montgomery,100.0
Hospital County,Cayuga,Cayuga,100.0
Hospital County,Richmond,Richmond,100.0
Hospital County,Tompkins,Tompkins,100.0
Hospital County,Genesee,Genesee,100.0
Hospital County,Yates,Yates,100.0
Hospital County,Wayne,Wayne,100.0
Hospital County,Oswego,Oswego,100.0
Hospital County,Chautauqua,Chautauqua,100.0
Hospital County,Schuyler,Schuyler,100.0
Hospital County,Cattaraugus,Cattaraugus,100.0
Hospital County,Fulton,Fulton,100.0
Hospital County,Putnam,Putnam,100.0
Hospital County,Dutchess,Dutchess,100.0
Hospital County,Niagara,Niagara,100.0
Hospital County,Jefferson,Jefferson,100.0
Hospital County,Saratoga,Saratoga,100.0
Hospital County,Broome,Broome,100.0
Hospital County,Schenectady,Schenectady,100.0
Hospital County,Chenango,Chenango,100.0
Hospital County,Wyoming,Wyoming,100.0
Hospital County,Ulster,Ulster,100.0
Hospital County,Lewis,Lewis,100.0
Hospital County,Warren,Warren,100.0
Hospital County,Franklin,Franklin,100.0
Hospital County,Orleans,Orleans,100.0
Hospital County,Clinton,Clinton,100.0
Hospital County,Essex,Essex,100.0
Hospital County,Rensselaer,Rensselaer,100.0
Permanent Facility Id,3058.0,3058.0,100.0
Permanent Facility Id,1168.0,1168.0,100.0
Permanent Facility Id,1169.0,1169.0,100.0
Permanent Facility Id,776.0,776.0,100.0
Permanent Facility Id,39.0,39.0,100.0
Permanent Facility Id,393.0,393.0,100.0
Permanent Facility Id,1464.0,1464.0,100.0
Permanent Facility Id,1437.0,1437.0,100.0
Permanent Facility Id,1039.0,1039.0,100.0
Permanent Facility Id,1458.0,1458.0,100.0
Permanent Facility Id,1306.0,1306.0,100.0
Permanent Facility Id,1637.0,1637.0,100.0
Permanent Facility Id,3975.0,3975.0,100.0
Permanent Facility Id,10139.0,10139.0,100.0
Permanent Facility Id,1122.0,1122.0,100.0
Permanent Facility Id,694.0,694.0,100.0
Permanent Facility Id,1047.0,1047.0,100.0
Permanent Facility Id,870.0,870.0,100.0
Permanent Facility Id,1466.0,1466.0,100.0
Permanent Facility Id,1186.0,1186.0,100.0
Permanent Facility Id,1692.0,1692.0,100.0
Permanent Facility Id,1294.0,1294.0,100.0
Permanent Facility Id,1165.0,1165.0,100.0
Permanent Facility Id,1469.0,1469.0,100.0
Permanent Facility Id,1639.0,1639.0,100.0
Permanent Facility Id,1633.0,1633.0,100.0
Permanent Facility Id,1626.0,1626.0,100.0
Permanent Facility Id,1301.0,1301.0,100.0
Permanent Facility Id,1486.0,1486.0,100.0
Permanent Facility Id,1454.0,1454.0,100.0
Permanent Facility Id,1445.0,1445.0,100.0
Permanent Facility Id,1456.0,1456.0,100.0
Permanent Facility Id,1172.0,1172.0,100.0
Permanent Facility Id,1438.0,1438.0,100.0
Permanent Facility Id,1046.0,1046.0,100.0
Permanent Facility Id,1072.0,1072.0,100.0
Permanent Facility Id,1061.0,1061.0,100.0
Permanent Facility Id,1045.0,1045.0,100.0
Permanent Facility Id,9059.0,9059.0,100.0
Permanent Facility Id,1439.0,1439.0,100.0
Permanent Facility Id,280.0,280.0,100.0
Permanent Facility Id,1324.0,1324.0,100.0
Permanent Facility Id,708.0,708.0,100.0
Permanent Facility Id,779.0,779.0,100.0
Permanent Facility Id,704.0,704.0,100.0
Permanent Facility Id,146.0,146.0,100.0
Permanent Facility Id,1463.0,1463.0,100.0
Permanent Facility Id,1304.0,1304.0,100.0
Permanent Facility Id,511.0,511.0,100.0
Permanent Facility Id,362.0,362.0,100.0
Permanent Facility Id,746.0,746.0,100.0
Permanent Facility Id,739.0,739.0,100.0
Permanent Facility Id,10216.0,10216.0,100.0
Permanent Facility Id,165.0,165.0,100.0
Permanent Facility Id,413.0,413.0,100.0
Permanent Facility Id,409.0,409.0,100.0
Permanent Facility Id,678.0,678.0,100.0
Permanent Facility Id,699.0,699.0,100.0
Permanent Facility Id,971.0,971.0,100.0
Permanent Facility Id,1138.0,1138.0,100.0
Permanent Facility Id,1446.0,1446.0,100.0
Permanent Facility Id,885.0,885.0,100.0
Permanent Facility Id,1447.0,1447.0,100.0
Permanent Facility Id,775.0,775.0,100.0
Permanent Facility Id,528.0,528.0,100.0
Permanent Facility Id,1320.0,1320.0,100.0
Permanent Facility Id,10223.0,10223.0,100.0
Permanent Facility Id,1124.0,1124.0,100.0
Permanent Facility Id,599.0,589.0,75.0
Permanent Facility Id,598.0,58.0,85.71428571428572
Permanent Facility Id,1.0,1.0,100.0
Permanent Facility Id,1175.0,1175.0,100.0
Permanent Facility Id,804.0,804.0,100.0
Permanent Facility Id,1293.0,1293.0,100.0
Permanent Facility Id,636.0,636.0,100.0
Permanent Facility Id,968.0,968.0,100.0
Permanent Facility Id,866.0,866.0,100.0
Permanent Facility Id,401.0,401.0,100.0
Permanent Facility Id,158.0,158.0,100.0
Permanent Facility Id,924.0,924.0,100.0
Permanent Facility Id,397.0,397.0,100.0
Permanent Facility Id,1288.0,1288.0,100.0
Permanent Facility Id,1164.0,1164.0,100.0
Permanent Facility Id,1178.0,1178.0,100.0
Permanent Facility Id,118.0,118.0,100.0
Permanent Facility Id,482.0,482.0,100.0
Permanent Facility Id,873.0,873.0,100.0
Permanent Facility Id,116.0,116.0,100.0
Permanent Facility Id,817.0,817.0,100.0
Permanent Facility Id,1628.0,1628.0,100.0
Permanent Facility Id,1629.0,1629.0,100.0
Permanent Facility Id,1099.0,1099.0,100.0
Permanent Facility Id,1097.0,1097.0,100.0
Permanent Facility Id,85.0,85.0,100.0
Permanent Facility Id,1460.0,1460.0,100.0
Permanent Facility Id,671.0,671.0,100.0
Permanent Facility Id,891.0,891.0,100.0
Permanent Facility Id,1740.0,1740.0,100.0
Permanent Facility Id,1737.0,1737.0,100.0
Permanent Facility Id,1129.0,1129.0,100.0
Permanent Facility Id,815.0,815.0,100.0
Permanent Facility Id,977.0,977.0,100.0
Permanent Facility Id,895.0,895.0,100.0
Permanent Facility Id,676.0,676.0,100.0
Permanent Facility Id,471.0,471.0,100.0
Permanent Facility Id,412.0,412.0,100.0
Permanent Facility Id,339.0,339.0,100.0
Permanent Facility Id,340.0,340.0,100.0
Permanent Facility Id,1158.0,1158.0,100.0
Permanent Facility Id,1028.0,1028.0,100.0
Permanent Facility Id,12.0,12.0,100.0
Permanent Facility Id,111.0,111.0,100.0
Permanent Facility Id,812.0,812.0,100.0
Permanent Facility Id,98.0,98.0,100.0
Permanent Facility Id,518.0,518.0,100.0
Permanent Facility Id,858.0,858.0,100.0
Permanent Facility Id,1450.0,1450.0,100.0
Permanent Facility Id,938.0,938.0,100.0
Permanent Facility Id,550.0,550.0,100.0
Permanent Facility Id,216.0,216.0,100.0
Permanent Facility Id,1098.0,1098.0,100.0
Permanent Facility Id,541.0,541.0,100.0
Permanent Facility Id,552.0,552.0,100.0
Permanent Facility Id,1638.0,1638.0,100.0
Permanent Facility Id,490.0,490.0,100.0
Permanent Facility Id,66.0,66.0,100.0
Permanent Facility Id,330.0,330.0,100.0
Permanent Facility Id,752.0,752.0,100.0
Permanent Facility Id,181.0,181.0,100.0
Permanent Facility Id,727.0,727.0,100.0
Permanent Facility Id,192.0,192.0,100.0
Permanent Facility Id,10355.0,10355.0,100.0
Permanent Facility Id,574.0,574.0,100.0
Permanent Facility Id,1453.0,1453.0,100.0
Permanent Facility Id,103.0,103.0,100.0
Permanent Facility Id,267.0,267.0,100.0
Permanent Facility Id,292.0,292.0,100.0
Permanent Facility Id,583.0,583.0,100.0
Permanent Facility Id,889.0,889.0,100.0
Permanent Facility Id,218.0,218.0,100.0
Permanent Facility Id,213.0,213.0,100.0
Permanent Facility Id,379.0,379.0,100.0
Permanent Facility Id,1305.0,1305.0,100.0
Permanent Facility Id,245.0,245.0,100.0
Permanent Facility Id,818.0,818.0,100.0
Permanent Facility Id,58.0,58.0,100.0
Permanent Facility Id,174.0,174.0,100.0
Permanent Facility Id,829.0,829.0,100.0
Permanent Facility Id,635.0,635.0,100.0
Permanent Facility Id,42.0,42.0,100.0
Permanent Facility Id,128.0,128.0,100.0
Permanent Facility Id,1153.0,1153.0,100.0
Permanent Facility Id,1139.0,1139.0,100.0
Permanent Facility Id,180.0,180.0,100.0
Permanent Facility Id,628.0,628.0,100.0
Permanent Facility Id,989.0,989.0,100.0
Permanent Facility Id,1635.0,1635.0,100.0
Permanent Facility Id,170.0,170.0,100.0
Permanent Facility Id,484.0,484.0,100.0
Permanent Facility Id,3376.0,3376.0,100.0
Permanent Facility Id,1630.0,1630.0,100.0
Permanent Facility Id,527.0,527.0,100.0
Permanent Facility Id,383.0,383.0,100.0
Permanent Facility Id,1318.0,1318.0,100.0
Permanent Facility Id,1133.0,1133.0,100.0
Permanent Facility Id,1738.0,1738.0,100.0
Permanent Facility Id,848.0,848.0,100.0
Permanent Facility Id,1117.0,1117.0,100.0
Permanent Facility Id,913.0,913.0,100.0
Permanent Facility Id,1005.0,1005.0,100.0
Permanent Facility Id,563.0,563.0,100.0
Permanent Facility Id,43.0,43.0,100.0
Permanent Facility Id,411.0,411.0,100.0
Permanent Facility Id,589.0,589.0,100.0
Permanent Facility Id,37.0,37.0,100.0
Permanent Facility Id,3067.0,3067.0,100.0
Permanent Facility Id,1002.0,1002.0,100.0
Permanent Facility Id,324.0,324.0,100.0
Permanent Facility Id,208.0,208.0,100.0
Permanent Facility Id,207.0,207.0,100.0
Permanent Facility Id,718.0,718.0,100.0
Permanent Facility Id,925.0,925.0,100.0
Permanent Facility Id,943.0,943.0,100.0
Permanent Facility Id,551.0,551.0,100.0
Permanent Facility Id,513.0,513.0,100.0
Permanent Facility Id,377.0,377.0,100.0
Permanent Facility Id,367.0,367.0,100.0
Permanent Facility Id,210.0,210.0,100.0
Permanent Facility Id,565.0,756.0,75.0
Permanent Facility Id,325.0,325.0,100.0
Permanent Facility Id,135.0,135.0,100.0
Permanent Facility Id,798.0,798.0,100.0
Permanent Facility Id,303.0,303.0,100.0
Permanent Facility Id,630.0,630.0,100.0
Permanent Facility Id,1176.0,1176.0,100.0
Permanent Facility Id,896.0,896.0,100.0
Permanent Facility Id,1286.0,1286.0,100.0
Permanent Facility Id,1315.0,135.0,88.88888888888889
Permanent Facility Id,1309.0,1309.0,100.0
Permanent Facility Id,9431.0,9431.0,100.0
Permanent Facility Id,831.0,831.0,100.0
Permanent Facility Id,15478.0,15478.0,100.0
Permanent Facility Id,5.0,5.0,100.0
Permanent Facility Id,756.0,756.0,100.0
Permanent Facility Id,15464.0,15464.0,100.0
Permanent Facility Id,15417.0,15417.0,100.0
Permanent Facility Id,15485.0,15485.0,100.0
Facility Name,Montefiore Med Center - Jack D Weiler Hosp of A Einstein College Div,MONTEFIORE MED CENTER - JACK D WEILER HOSP OF A EINSTEIN COLLEGE DIV,100.0
Facility Name,Montefiore Medical Center-Wakefield Hospital,MONTEFIORE MEDICAL CENTER-WAKEFIELD HOSPITAL,100.0
Facility Name,Montefiore Medical Center - Henry & Lucy Moses Div,MONTEFIORE MEDICAL CENTER - HENRY & LUCY MOSES DIV,100.0
Facility Name,Montefiore Nyack,MONTEFIORE NYACK,100.0
Facility Name,Memorial Hosp of Wm F & Gertrude F Jones A/K/A Jones Memorial Hosp,MEMORIAL HOSP OF WM F & GERTRUDE F JONES A/K/A JONES MEMORIAL HOSP,100.0
Facility Name,Nicholas H. Noyes Memorial Hospital,NICHOLAS H. NOYES MEMORIAL HOSPITAL,100.0
Facility Name,New York-Presbyterian Hospital - Columbia Presbyterian Center,NEW YORK-PRESBYTERIAN HOSPITAL - COLUMBIA PRESBYTERIAN CENTER,100.0
Facility Name,New York-Presbyterian/Lower Manhattan Hospital,NEW YORK-PRESBYTERIAN/LOWER MANHATTAN HOSPITAL,100.0
Facility Name,NewYork-Presbyterian/Hudson Valley Hospital,NEWYORK-PRESBYTERIAN/HUDSON VALLEY HOSPITAL,100.0
Facility Name,New York-Presbyterian Hospital - New York Weill Cornell Center,NEW YORK-PRESBYTERIAN HOSPITAL - NEW YORK WEILL CORNELL CENTER,100.0
Facility Name,NewYork-Presbyterian Brooklyn Methodist Hospital,NEWYORK-PRESBYTERIAN BROOKLYN METHODIST HOSPITAL,100.0
Facility Name,NewYork-Presbyterian/Queens,NEWYORK-PRESBYTERIAN/QUEENS,100.0
Facility Name,New York-Presbyterian Hospital - Allen Hospital,NEW YORK-PRESBYTERIAN HOSPITAL - ALLEN HOSPITAL,100.0
Facility Name,New York-Presbyterian David H. Koch Center,NEW YORK-PRESBYTERIAN DAVID H. KOCH CENTER,100.0
Facility Name,Redacted for Confidentiality,Redacted for Confidentiality,100.0
Facility Name,New York-Presbyterian Westchester,NEW YORK-PRESBYTERIAN WESTCHESTER,100.0
Facility Name,St Luke's Cornwall Hospital/Newburgh,ST LUKE'S CORNWALL HOSPITAL/NEWBURGH,100.0
Facility Name,New York-Presbyterian Westchester Behavioral Health Center,NEW YORK-PRESBYTERIAN WESTCHESTER BEHAVIORAL HEALTH CENTER,100.0
Facility Name,St. James Hospital,ST. JAMES HOSPITAL,100.0
Facility Name,Mount Sinai West,MOUNT SINAI WEST,100.0
Facility Name,North Central Bronx Hospital,NORTH CENTRAL BRONX HOSPITAL,100.0
Facility Name,Woodhull Medical & Mental Health Center,WOODHULL MEDICAL & MENTAL HEALTH CENTER,100.0
Facility Name,NYC Health + Hospitals/South Brooklyn Health,SOUTH BROOKLYN HEALTH,67.74193548387098
Facility Name,Jacobi Medical Center,JACOBI MEDICAL CENTER,100.0
Facility Name,Mount Sinai Morningside,MOUNT SINAI MORNINGSIDE,100.0
Facility Name,Mount Sinai Hospital - Mount Sinai Hospital of Queens,MOUNT SINAI HOSPITAL - MOUNT SINAI HOSPITAL OF QUEENS,100.0
Facility Name,Queens Hospital Center,QUEENS HOSPITAL CENTER,100.0
Facility Name,Elmhurst Hospital Center,ELMHURST HOSPITAL CENTER,100.0
Facility Name,Kings County Hospital Center,KINGS COUNTY HOSPITAL CENTER,100.0
Facility Name,Henry J. Carter Specialty Hospital,HENRY J. CARTER SPECIALTY HOSPITAL,100.0
Facility Name,Metropolitan Hospital Center,METROPOLITAN HOSPITAL CENTER,100.0
Facility Name,Harlem Hospital Center,HARLEM HOSPITAL CENTER,100.0
Facility Name,Mount Sinai Hospital,MOUNT SINAI HOSPITAL,100.0
Facility Name,Lincoln Medical & Mental Health Center,LINCOLN MEDICAL & MENTAL HEALTH CENTER,100.0
Facility Name,Bellevue Hospital Center,BELLEVUE HOSPITAL CENTER,100.0
Facility Name,Winifred Masterson Burke Rehabilitation Hospital,WINIFRED MASTERSON BURKE REHABILITATION HOSPITAL,100.0
Facility Name,Montefiore New Rochelle Hospital,MONTEFIORE NEW ROCHELLE HOSPITAL,100.0
Facility Name,Montefiore Mount Vernon Hospital,MONTEFIORE MOUNT VERNON HOSPITAL,100.0
Facility Name,White Plains Hospital Center,WHITE PLAINS HOSPITAL CENTER,100.0
Facility Name,Crouse Hospital - Commonwealth Division,CROUSE HOSPITAL - COMMONWEALTH DIVISION,100.0
Facility Name,Mount Sinai Beth Israel,MOUNT SINAI BETH ISRAEL,100.0
Facility Name,Bertrand Chaffee Hospital,BERTRAND CHAFFEE HOSPITAL,100.0
Facility Name,Mount Sinai Brooklyn,MOUNT SINAI BROOKLYN,100.0
Facility Name,Bon Secours Community Hospital,BON SECOURS COMMUNITY HOSPITAL,100.0
Facility Name,Good Samaritan Hospital of Suffern,GOOD SAMARITAN HOSPITAL OF SUFFERN,100.0
Facility Name,St Anthony Community Hospital,ST ANTHONY COMMUNITY HOSPITAL,100.0
Facility Name,Columbia Memorial Hospital,COLUMBIA MEMORIAL HOSPITAL,100.0
Facility Name,NYU Langone Hospitals,NYU LANGONE HOSPITALS,100.0
Facility Name,NYU Langone Hospital-Brooklyn,NYU LANGONE HOSPITAL-BROOKLYN,100.0
Facility Name,NYU Langone Hospital-Long Island,NYU LANGONE HOSPITAL-LONG ISLAND,100.0
Facility Name,Little Falls Hospital,LITTLE FALLS HOSPITAL,100.0
Facility Name,Mary Imogene Bassett Hospital,MARY IMOGENE BASSETT HOSPITAL,100.0
Facility Name,A.O. Fox Memorial Hospital,A.O. FOX MEMORIAL HOSPITAL,100.0
Facility Name,Cobleskill Regional Hospital,COBLESKILL REGIONAL HOSPITAL,100.0
Facility Name,O'Connor Hospital,O'CONNOR HOSPITAL,100.0
Facility Name,Strong Memorial Hospital,STRONG MEMORIAL HOSPITAL,100.0
Facility Name,Highland Hospital,HIGHLAND HOSPITAL,100.0
Facility Name,F.F. Thompson Hospital,F.F. THOMPSON HOSPITAL,100.0
Facility Name,Garnet Health Medical Center,GARNET HEALTH MEDICAL CENTER,100.0
Facility Name,Garnet Health Medical Center - Catskills,GARNET HEALTH MEDICAL CENTER - CATSKILLS,100.0
Facility Name,Blythedale Children's Hospital,BLYTHEDALE CHILDREN'S HOSPITAL,100.0
Facility Name,NYU Langone Orthopedic Hospital,NYU LANGONE ORTHOPEDIC HOSPITAL,100.0
Facility Name,Long Island Community Hospital at NYU Langone Health,UPSTATE UNIVERSITY HOSPITAL AT COMMUNITY GENERAL,58.00000000000001
Facility Name,Hospital for Special Surgery,HOSPITAL FOR SPECIAL SURGERY,100.0
Facility Name,Helen Hayes Hospital,HELEN HAYES HOSPITAL,100.0
Facility Name,Nassau University Medical Center,NASSAU UNIVERSITY MEDICAL CENTER,100.0
Facility Name,University Hospital of Brooklyn,UNIVERSITY HOSPITAL OF BROOKLYN,100.0
Facility Name,Calvary Hospital,CALVARY HOSPITAL,100.0
Facility Name,SJRH - Dobbs Ferry Pavillion,SJRH - DOBBS FERRY PAVILLION,100.0
Facility Name,Faxton-St Lukes Healthcare St Lukes Division,ST. JOSEPH'S MC-ST. VINCENT'S WESTCHESTER DIVISION,54.54545454545454
Facility Name,St Elizabeth Medical Center,INTERFAITH MEDICAL CENTER,76.92307692307692
Facility Name,Albany Medical Center Hospital,ALBANY MEDICAL CENTER HOSPITAL,100.0
Facility Name,Calvary Hospital Inc,CALVARY HOSPITAL INC,100.0
Facility Name,Massena Hospital,MASSENA HOSPITAL,100.0
Facility Name,Maimonides Midwood Community Hospital,MAIMONIDES MIDWOOD COMMUNITY HOSPITAL,100.0
Facility Name,Crouse Hospital,CROUSE HOSPITAL,100.0
Facility Name,Garnet Health Medical Center - Catskills - G. Hermann Site,GARNET HEALTH MEDICAL CENTER - CATSKILLS - G. HERMANN SITE,100.0
Facility Name,Corning Hospital,CORNING HOSPITAL,100.0
Facility Name,Community Memorial Hospital Inc,COMMUNITY MEMORIAL HOSPITAL INC,100.0
Facility Name,Guthrie Cortland Medical Center,GUTHRIE CORTLAND MEDICAL CENTER,100.0
Facility Name,South Shore University Hospital,SOUTH SHORE UNIVERSITY HOSPITAL,100.0
Facility Name,Oneida Health Hospital,ONEIDA HEALTH HOSPITAL,100.0
Facility Name,Brooklyn Hospital Center - Downtown Campus,BROOKLYN HOSPITAL CENTER - DOWNTOWN CAMPUS,100.0
Facility Name,BronxCare Hospital Center,BRONXCARE HOSPITAL CENTER,100.0
Facility Name,St. Joseph's Hospital,ST. JOSEPH'S HOSPITAL,100.0
Facility Name,St. Mary's Healthcare - Amsterdam Memorial Campus,ST. MARY'S HEALTHCARE - AMSTERDAM MEMORIAL CAMPUS,100.0
Facility Name,Ira Davenport Memorial Hospital,IRA DAVENPORT MEMORIAL HOSPITAL,100.0
Facility Name,Arnot Ogden Medical Center,ARNOT OGDEN MEDICAL CENTER,100.0
Facility Name,Clifton-Fine Hospital,CLIFTON-FINE HOSPITAL,100.0
Facility Name,Flushing Hospital Medical Center,FLUSHING HOSPITAL MEDICAL CENTER,100.0
Facility Name,Jamaica Hospital Medical Center,JAMAICA HOSPITAL MEDICAL CENTER,100.0
Facility Name,SJRH - Park Care Pavilion,SJRH - PARK CARE PAVILION,100.0
Facility Name,SJRH - St Johns Division,SJRH - ST JOHNS DIVISION,100.0
Facility Name,Auburn Community Hospital,AUBURN COMMUNITY HOSPITAL,100.0
Facility Name,New York Eye and Ear Infirmary of Mount Sinai,NEW YORK EYE AND EAR INFIRMARY OF MOUNT SINAI,100.0
Facility Name,Geneva General Hospital,GENEVA GENERAL HOSPITAL,100.0
Facility Name,Stony Brook Eastern Long Island Hospital,STONY BROOK EASTERN LONG ISLAND HOSPITAL,100.0
Facility Name,Staten Island University Hosp-North,STATEN ISLAND UNIVERSITY HOSP-NORTH,100.0
Facility Name,Staten Island University Hospital Prince's Bay,STATEN ISLAND UNIVERSITY HOSPITAL PRINCE'S BAY,100.0
Facility Name,Phelps Hospital,PHELPS HOSPITAL,100.0
Facility Name,Canton-Potsdam Hospital,CANTON-POTSDAM HOSPITAL,100.0
Facility Name,Cayuga Medical Center at Ithaca,CAYUGA MEDICAL CENTER AT ITHACA,100.0
Facility Name,John T Mather Memorial Hospital of Port Jefferson New York Inc,JOHN T MATHER MEMORIAL HOSPITAL OF PORT JEFFERSON NEW YORK INC,100.0
Facility Name,Clifton Springs Hospital and Clinic,CLIFTON SPRINGS HOSPITAL AND CLINIC,100.0
Facility Name,The Unity Hospital of Rochester,THE UNITY HOSPITAL OF ROCHESTER,100.0
Facility Name,Unity Specialty Hospital,UNITY SPECIALTY HOSPITAL,100.0
Facility Name,United Memorial Medical Center North Street Campus,UNITED MEMORIAL MEDICAL CENTER NORTH STREET CAMPUS,100.0
Facility Name,United Memorial Medical Center Bank Street Campus,UNITED MEMORIAL MEDICAL CENTER BANK STREET CAMPUS,100.0
Facility Name,Soldiers and Sailors Memorial Hospital of Yates County,SOLDIERS AND SAILORS MEMORIAL HOSPITAL OF YATES COUNTY,100.0
Facility Name,Newark-Wayne Community Hospital,NEWARK-WAYNE COMMUNITY HOSPITAL,100.0
Facility Name,Lakeview Center for Mental Health and Wellness,LAKEVIEW CENTER FOR MENTAL HEALTH AND WELLNESS,100.0
Facility Name,Westfield Memorial Hospital Inc,WESTFIELD MEMORIAL HOSPITAL INC,100.0
Facility Name,Gouverneur Hospital,GOUVERNEUR HOSPITAL,100.0
Facility Name,"Brooks-TLC Hospital System, Inc.","BROOKS-TLC HOSPITAL SYSTEM, INC.",100.0
Facility Name,Long Island Jewish Valley Stream,LONG ISLAND JEWISH VALLEY STREAM,100.0
Facility Name,Schuyler Hospital,SCHUYLER HOSPITAL,100.0
Facility Name,Lenox Hill Hospital,LENOX HILL HOSPITAL,100.0
Facility Name,Peconic Bay Medical Center,PECONIC BAY MEDICAL CENTER,100.0
Facility Name,Syosset Hospital,SYOSSET HOSPITAL,100.0
Facility Name,Roswell Park Cancer Institute,ROSWELL PARK CANCER INSTITUTE,100.0
Facility Name,St. Joseph's Medical Center,ST. JOSEPH'S MEDICAL CENTER,100.0
Facility Name,North Shore University Hospital,NORTH SHORE UNIVERSITY HOSPITAL,100.0
Facility Name,Plainview Hospital,PLAINVIEW HOSPITAL,100.0
Facility Name,Long Island Jewish Forest Hills,LONG ISLAND JEWISH FOREST HILLS,100.0
Facility Name,Glen Cove Hospital,GLEN COVE HOSPITAL,100.0
Facility Name,Olean General Hospital,OLEAN GENERAL HOSPITAL,100.0
Facility Name,Nathan Littauer Hospital,NATHAN LITTAUER HOSPITAL,100.0
Facility Name,Putnam Hospital,PUTNAM HOSPITAL,100.0
Facility Name,Vassar Brothers Medical Center,VASSAR BROTHERS MEDICAL CENTER,100.0
Facility Name,Oswego Hospital,OSWEGO HOSPITAL,100.0
Facility Name,Northern Dutchess Hospital,NORTHERN DUTCHESS HOSPITAL,100.0
Facility Name,David H. Koch Center For Cancer Care,DAVID H. KOCH CENTER FOR CANCER CARE,100.0
Facility Name,Niagara Falls Memorial Medical Center,NIAGARA FALLS MEMORIAL MEDICAL CENTER,100.0
Facility Name,Memorial Hospital for Cancer and Allied Diseases,MEMORIAL HOSPITAL FOR CANCER AND ALLIED DISEASES,100.0
Facility Name,UPMC Chautauqua at WCA,UPMC CHAUTAUQUA AT WCA,100.0
Facility Name,Kenmore Mercy Hospital,KENMORE MERCY HOSPITAL,100.0
Facility Name,Sisters of Charity Hospital - St. Joseph Campus,SISTERS OF CHARITY HOSPITAL - ST. JOSEPH CAMPUS,100.0
Facility Name,Mount St. Mary's Hospital and Health Center,MOUNT ST. MARY'S HOSPITAL AND HEALTH CENTER,100.0
Facility Name,Stony Brook Southampton Hospital,STONY BROOK SOUTHAMPTON HOSPITAL,100.0
Facility Name,Sisters of Charity Hospital,SISTERS OF CHARITY HOSPITAL,100.0
Facility Name,Mercy Hospital of Buffalo,MERCY HOSPITAL OF BUFFALO,100.0
Facility Name,Carthage Area Hospital Inc,CARTHAGE AREA HOSPITAL INC,100.0
Facility Name,Maimonides Medical Center,MAIMONIDES MEDICAL CENTER,100.0
Facility Name,Stony Brook University Hospital,STONY BROOK UNIVERSITY HOSPITAL,100.0
Facility Name,Saratoga Hospital,SARATOGA HOSPITAL,100.0
Facility Name,United Health Services Hospitals Inc. - Wilson Medical Center,UNITED HEALTH SERVICES HOSPITALS INC. - WILSON MEDICAL CENTER,100.0
Facility Name,Delaware Valley Hospital Inc,DELAWARE VALLEY HOSPITAL INC,100.0
Facility Name,Ellis Hospital,ELLIS HOSPITAL,100.0
Facility Name,University Hospital SUNY Health Science Center,UNIVERSITY HOSPITAL SUNY HEALTH SCIENCE CENTER,100.0
Facility Name,United Health Services Hospitals Inc. - Binghamton General Hospital,UNITED HEALTH SERVICES HOSPITALS INC. - BINGHAMTON GENERAL HOSPITAL,100.0
Facility Name,Chenango Memorial Hospital Inc,CHENANGO MEMORIAL HOSPITAL INC,100.0
Facility Name,Wyoming County Community Hospital,WYOMING COUNTY COMMUNITY HOSPITAL,100.0
Facility Name,Westchester Medical Center,WESTCHESTER MEDICAL CENTER,100.0
Facility Name,Mid-Hudson Valley Division of Westchester Medical Center,MID-HUDSON VALLEY DIVISION OF WESTCHESTER MEDICAL CENTER,100.0
Facility Name,UPSTATE University Hospital at Community General,UPSTATE UNIVERSITY HOSPITAL AT COMMUNITY GENERAL,100.0
Facility Name,HealthAlliance Hospital Mary's Avenue Campus,HEALTHALLIANCE HOSPITAL MARY'S AVENUE CAMPUS,100.0
Facility Name,St Johns Episcopal Hospital So Shore,ST JOHNS EPISCOPAL HOSPITAL SO SHORE,100.0
Facility Name,Margaretville Hospital,MARGARETVILLE HOSPITAL,100.0
Facility Name,St. Mary's Healthcare,ST. MARY'S HEALTHCARE,100.0
Facility Name,Cohen Children's Medical Center,COHEN'S CHILDREN MEDICAL CENTER W/ LIJ,87.87878787878788
Facility Name,Long Island Jewish Medical Center,LONG ISLAND JEWISH MEDICAL CENTER,100.0
Facility Name,Mount Sinai South Nassau,MOUNT SINAI SOUTH NASSAU,100.0
Facility Name,Lewis County General Hospital,LEWIS COUNTY GENERAL HOSPITAL,100.0
Facility Name,Wyckoff Heights Medical Center,WYCKOFF HEIGHTS MEDICAL CENTER,100.0
Facility Name,St. Joseph's MC-St. Vincent's Westchester Division,ST. JOSEPH'S MC-ST. VINCENT'S WESTCHESTER DIVISION,100.0
Facility Name,Richmond University Medical Center,RICHMOND UNIVERSITY MEDICAL CENTER,100.0
Facility Name,Ellis Hospital - Bellevue Woman's Care Center Division,ELLIS HOSPITAL - BELLEVUE WOMAN'S CARE CENTER DIVISION,100.0
Facility Name,Northern Westchester Hospital,NORTHERN WESTCHESTER HOSPITAL,100.0
Facility Name,Huntington Hospital,HUNTINGTON HOSPITAL,100.0
Facility Name,Glens Falls Hospital,GLENS FALLS HOSPITAL,100.0
Facility Name,St. Francis Hospital & Heart Center,ST. FRANCIS HOSPITAL & HEART CENTER,100.0
Facility Name,Our Lady of Lourdes Memorial Hospital,OUR LADY OF LOURDES MEMORIAL HOSPITAL,100.0
Facility Name,Rochester General Hospital,ROCHESTER GENERAL HOSPITAL,100.0
Facility Name,"Rome Memorial Hospital, Inc","ROME MEMORIAL HOSPITAL, INC",100.0
Facility Name,Cuba Memorial Hospital Inc,CUBA MEMORIAL HOSPITAL INC,100.0
Facility Name,Millard Fillmore Suburban Hospital,MILLARD FILLMORE SUBURBAN HOSPITAL,100.0
Facility Name,Ellenville Regional Hospital,ELLENVILLE REGIONAL HOSPITAL,100.0
Facility Name,Adirondack Medical Center-Saranac Lake Site,ADIRONDACK MEDICAL CENTER-SARANAC LAKE SITE,100.0
Facility Name,John R. Oishei Children's Hospital,JOHN R. OISHEI CHILDREN'S HOSPITAL,100.0
Facility Name,Buffalo General Medical Center,BUFFALO GENERAL MEDICAL CENTER,100.0
Facility Name,Medina Memorial Hospital,MEDINA MEMORIAL HOSPITAL,100.0
Facility Name,Good Samaritan Hospital Medical Center,GOOD SAMARITAN HOSPITAL MEDICAL CENTER,100.0
Facility Name,St Catherine of Siena Hospital,ST CATHERINE OF SIENA HOSPITAL,100.0
Facility Name,St. Joseph Hospital,ST. JOSEPH HOSPITAL,100.0
Facility Name,Mercy Hospital,MERCY HOSPITAL,100.0
Facility Name,"River Hospital, Inc.","RIVER HOSPITAL, INC.",100.0
Facility Name,Samaritan Medical Center,SAMARITAN MEDICAL CENTER,100.0
Facility Name,Erie County Medical Center,ERIE COUNTY MEDICAL CENTER,100.0
Facility Name,Eastern Niagara Hospital - Lockport Division,CROUSE HOSPITAL - COMMONWEALTH DIVISION,60.75949367088608
Facility Name,The University of Vermont Health Network - Alice Hyde Medical Center,THE UNIVERSITY OF VERMONT HEALTH NETWORK - ALICE HYDE MEDICAL CENTER,100.0
Facility Name,The University of Vermont Health Network - Champlain Valley Physicians Hospital,THE UNIVERSITY OF VERMONT HEALTH NETWORK - CHAMPLAIN VALLEY PHYSICIANS HOSPITAL,100.0
Facility Name,Claxton-Hepburn Medical Center,CLAXTON-HEPBURN MEDICAL CENTER,100.0
Facility Name,The University of Vermont Health Network - Elizabethtown Community Hospital,THE UNIVERSITY OF VERMONT HEALTH NETWORK - ELIZABETHTOWN COMMUNITY HOSPITAL,100.0
Facility Name,St. Joseph's Hospital Health Center,ST. JOSEPH'S HOSPITAL HEALTH CENTER,100.0
Facility Name,SBH Health System,SBH HEALTH SYSTEM,100.0
Facility Name,St. Charles Hospital,ST. CHARLES HOSPITAL,100.0
Facility Name,Brookdale Hospital Medical Center,BROOKDALE HOSPITAL MEDICAL CENTER,100.0
Facility Name,Kingsbrook Jewish Medical Center,LONG ISLAND JEWISH MEDICAL CENTER,76.92307692307692
Facility Name,Interfaith Medical Center,INTERFAITH MEDICAL CENTER,100.0
Facility Name,St. Peter's Addiction Recovery Center,ST. PETER'S ADDICTION RECOVERY CENTER,100.0
Facility Name,Sunnyview Hospital and Rehabilitation Center,SUNNYVIEW HOSPITAL AND REHABILITATION CENTER,100.0
Facility Name,Wynn Hospital,WYNN HOSPITAL,100.0
Facility Name,St. Peter's Hospital,ST. PETER'S HOSPITAL,100.0
Facility Name,Samaritan Hospital,SAMARITAN HOSPITAL,100.0
Facility Name,"Lockport Memorial Hospital, a Campus of Mount St Mary`s","LOCKPORT MEMORIAL HOSPITAL, A CAMPUS OF MOUNT ST MARY'S",100.0
Facility Name,St. Peter's Hospital - SPARC,ST. PETER'S HOSPITAL - SPARC,100.0
Age Group,50 to 69,50-69,66.66666666666667
Age Group,30 to 49,30-49,66.66666666666667
Age Group,18 to 29,18-29,66.66666666666667
Age Group,70 or Older,70 or Older,100.0
Age Group,0 to 17,0-17,60.0
Zip Code,104,104,100.0
Zip Code,109,109,100.0
Zip Code,OOS,OOS,100.0
Zip Code,107,107,100.0
Zip Code,105,105,100.0
Zip Code,148,148,100.0
Zip Code,145,145,100.0
Zip Code,108,108,100.0
Zip Code,112,112,100.0
Zip Code,100,100,100.0
Zip Code,125,125,100.0
Zip Code,113,113,100.0
Zip Code,114,114,100.0
Zip Code,115,115,100.0
Zip Code,138,138,100.0
Zip Code,117,117,100.0
Zip Code,118,118,100.0
Zip Code,111,111,100.0
Zip Code,116,116,100.0
Zip Code,103,103,100.0
Zip Code,127,127,100.0
Zip Code,126,126,100.0
Zip Code,120,120,100.0
Zip Code,101,101,100.0
Zip Code,119,119,100.0
Zip Code,106,106,100.0
Zip Code,110,110,100.0
Zip Code,129,129,100.0
Zip Code,124,124,100.0
Zip Code,132,132,100.0
Zip Code,130,130,100.0
Zip Code,137,137,100.0
Zip Code,121,121,100.0
Zip Code,123,123,100.0
Zip Code,147,147,100.0
Zip Code,144,144,100.0
Zip Code,140,140,100.0
Zip Code,128,128,100.0
Zip Code,139,139,100.0
Zip Code,136,136,100.0
Zip Code,134,134,100.0
Zip Code,133,133,100.0
Zip Code,135,135,100.0
Zip Code,146,146,100.0
Zip Code,122,122,100.0
Zip Code,141,141,100.0
Zip Code,142,142,100.0
Zip Code,149,149,100.0
Zip Code,143,143,100.0
Zip Code,131,131,100.0
Gender,F,F,100.0
Gender,M,M,100.0
Gender,U,U,100.0
Race,Other Race,Other Race,100.0
Race,Black/African American,Black/African American,100.0
Race,White,White,100.0
Race,Multi-racial,Multi-racial,100.0
Ethnicity,Spanish/Hispanic,Spanish/Hispanic,100.0
Ethnicity,Not Span/Hispanic,Not Span/Hispanic,100.0
Ethnicity,Unknown,Unknown,100.0
Ethnicity,Multi-ethnic,Multi-ethnic,100.0
Type of Admission,Emergency,Emergency,100.0
Type of Admission,Elective,Elective,100.0
Type of Admission,Urgent,Urgent,100.0
Type of Admission,Newborn,Newborn,100.0
Type of Admission,Not Available,Not Available,100.0
Type of Admission,Trauma,Trauma,100.0
Patient Disposition,Home or Self Care,Home or Self Care,100.0
Patient Disposition,Left Against Medical Advice,Left Against Medical Advice,100.0
Patient Disposition,Home w/ Home Health Services,Home w/ Home Health Services,100.0
Patient Disposition,Skilled Nursing Home,Skilled Nursing Home,100.0
Patient Disposition,Expired,Expired,100.0
Patient Disposition,Short-term Hospital,Short-term Hospital,100.0
Patient Disposition,Inpatient Rehabilitation Facility,Inpatient Rehabilitation Facility,100.0
Patient Disposition,Hospice - Medical Facility,Hospice - Medical Facility,100.0
Patient Disposition,Facility w/ Custodial/Supportive Care,Facility w/ Custodial/Supportive Care,100.0
Patient Disposition,Medicaid Cert Nursing Facility,Medicaid Cert Nursing Facility,100.0
Patient Disposition,Hospice - Home,Hospice - Home,100.0
Patient Disposition,Psychiatric Hospital or Unit of Hosp,Psychiatric Hospital or Unit of Hosp,100.0
Patient Disposition,Medicare Cert Long Term Care Hospital,Medicare Cert Long Term Care Hospital,100.0
Patient Disposition,Cancer Center or Children's Hospital,Cancer Center or Childrens Hospital,100.0
Patient Disposition,Another Type Not Listed,Another Type Not Listed,100.0
Patient Disposition,Federal Health Care Facility,Federal Health Care Facility,100.0
Patient Disposition,Court/Law Enforcement,Court/Law Enforcement,100.0
Patient Disposition,Critical Access Hospital,Critical Access Hospital,100.0
Patient Disposition,Hosp Basd Medicare Approved Swing Bed,Hosp Basd Medicare Approved Swing Bed,100.0
CCSR Diagnosis Code,NEO074,NEO074,100.0
CCSR Diagnosis Code,CIR013,CIR013,100.0
CCSR Diagnosis Code,INF002,INF002,100.0
CCSR Diagnosis Code,BLD005,BLD005,100.0
CCSR Diagnosis Code,DIG013,DIG013,100.0
CCSR Diagnosis Code,CIR012,CIR012,100.0
CCSR Diagnosis Code,GEN004,GEN004,100.0
CCSR Diagnosis Code,PRG019,PRG019,100.0
CCSR Diagnosis Code,PRG024,PRG024,100.0
CCSR Diagnosis Code,PRG023,PRG023,100.0
CCSR Diagnosis Code,PRG016,PRG016,100.0
CCSR Diagnosis Code,MBD017,MBD017,100.0
CCSR Diagnosis Code,PRG022,PRG022,100.0
CCSR Diagnosis Code,CIR009,CIR009,100.0
CCSR Diagnosis Code,INJ010,INJ010,100.0
CCSR Diagnosis Code,PRG020,PRG020,100.0
CCSR Diagnosis Code,RSP009,RSP009,100.0
CCSR Diagnosis Code,NEO073,NEO073,100.0
CCSR Diagnosis Code,PRG029,PRG029,100.0
CCSR Diagnosis Code,FAC010,FAC010,100.0
CCSR Diagnosis Code,PNL001,PNL001,100.0
CCSR Diagnosis Code,DIG020,DIG020,100.0
CCSR Diagnosis Code,RSP012,RSP012,100.0
CCSR Diagnosis Code,END011,END011,100.0
CCSR Diagnosis Code,INF012,INF012,100.0
CCSR Diagnosis Code,MUS009,MUS009,100.0
CCSR Diagnosis Code,END003,END003,100.0
CCSR Diagnosis Code,CIR029,CIR029,100.0
CCSR Diagnosis Code,CIR017,CIR017,100.0
CCSR Diagnosis Code,MBD018,MBD018,100.0
CCSR Diagnosis Code,DIG017,DIG017,100.0
CCSR Diagnosis Code,CIR019,CIR019,100.0
CCSR Diagnosis Code,GEN006,GEN006,100.0
CCSR Diagnosis Code,DIG019,DIG019,100.0
CCSR Diagnosis Code,NVS009,NVS009,100.0
CCSR Diagnosis Code,MUS026,MUS026,100.0
CCSR Diagnosis Code,SYM013,SYM013,100.0
CCSR Diagnosis Code,SYM001,SYM001,100.0
CCSR Diagnosis Code,NVS005,NVS005,100.0
CCSR Diagnosis Code,PRG018,PRG018,100.0
CCSR Diagnosis Code,BLD003,BLD003,100.0
CCSR Diagnosis Code,BLD001,BLD001,100.0
CCSR Diagnosis Code,PRG028,PRG028,100.0
CCSR Diagnosis Code,NEO070,NEO070,100.0
CCSR Diagnosis Code,NVS020,NVS020,100.0
CCSR Diagnosis Code,DIG024,DIG024,100.0
CCSR Diagnosis Code,INJ031,INJ031,100.0
CCSR Diagnosis Code,SKN001,SKN001,100.0
CCSR Diagnosis Code,NEO033,NEO033,100.0
CCSR Diagnosis Code,BLD006,BLD006,100.0
CCSR Diagnosis Code,INF009,INF009,100.0
CCSR Diagnosis Code,EAR006,EAR006,100.0
CCSR Diagnosis Code,INJ034,INJ034,100.0
CCSR Diagnosis Code,MUS001,MUS001,100.0
CCSR Diagnosis Code,NVS012,NVS012,100.0
CCSR Diagnosis Code,SYM006,SYM006,100.0
CCSR Diagnosis Code,NVS006,NVS006,100.0
CCSR Diagnosis Code,CIR008,CIR008,100.0
CCSR Diagnosis Code,RSP008,RSP008,100.0
CCSR Diagnosis Code,DIG011,DIG011,100.0
CCSR Diagnosis Code,CIR031,CIR031,100.0
CCSR Diagnosis Code,PRG013,PRG013,100.0
CCSR Diagnosis Code,DIG022,DIG022,100.0
CCSR Diagnosis Code,RSP005,RSP005,100.0
CCSR Diagnosis Code,NVS019,NVS019,100.0
CCSR Diagnosis Code,NVS010,NVS010,100.0
CCSR Diagnosis Code,BLD007,BLD007,100.0
CCSR Diagnosis Code,MBD012,MBD012,100.0
CCSR Diagnosis Code,GEN002,GEN002,100.0
CCSR Diagnosis Code,CIR025,CIR025,100.0
CCSR Diagnosis Code,RSP003,RSP003,100.0
CCSR Diagnosis Code,DIG010,DIG010,100.0
CCSR Diagnosis Code,RSP016,RSP016,100.0
CCSR Diagnosis Code,NEO051,NEO051,100.0
CCSR Diagnosis Code,CIR003,CIR003,100.0
CCSR Diagnosis Code,MBD005,MBD005,100.0
CCSR Diagnosis Code,MBD001,MBD001,100.0
CCSR Diagnosis Code,MUS038,MUS038,100.0
CCSR Diagnosis Code,PNL014,PNL014,100.0
CCSR Diagnosis Code,RSP002,RSP002,100.0
CCSR Diagnosis Code,END009,END009,100.0
CCSR Diagnosis Code,NVS013,NVS013,100.0
CCSR Diagnosis Code,FAC006,FAC006,100.0
CCSR Diagnosis Code,INJ033,INJ033,100.0
CCSR Diagnosis Code,CIR016,CIR016,100.0
CCSR Diagnosis Code,DIG001,DIG001,100.0
CCSR Diagnosis Code,MUS028,MUS028,100.0
CCSR Diagnosis Code,CIR020,CIR020,100.0
CCSR Diagnosis Code,MUS006,MUS006,100.0
CCSR Diagnosis Code,SYM012,SYM012,100.0
CCSR Diagnosis Code,CIR001,CIR001,100.0
CCSR Diagnosis Code,NVS016,NVS016,100.0
CCSR Diagnosis Code,RSP006,RSP006,100.0
CCSR Diagnosis Code,PRG027,PRG027,100.0
CCSR Diagnosis Code,PNL009,PNL009,100.0
CCSR Diagnosis Code,EAR003,EAR003,100.0
CCSR Diagnosis Code,NEO048,NEO048,100.0
CCSR Diagnosis Code,INF008,INF008,100.0
CCSR Diagnosis Code,PRG011,PRG011,100.0
CCSR Diagnosis Code,MUS024,MUS024,100.0
CCSR Diagnosis Code,NVS002,NVS002,100.0
CCSR Diagnosis Code,RSP011,RSP011,100.0
CCSR Diagnosis Code,MUS022,MUS022,100.0
CCSR Diagnosis Code,CIR033,CIR033,100.0
CCSR Diagnosis Code,PNL007,PNL007,100.0
CCSR Diagnosis Code,NEO068,NEO068,100.0
CCSR Diagnosis Code,NVS017,NVS017,100.0
CCSR Diagnosis Code,END016,END016,100.0
CCSR Diagnosis Code,MBD020,MBD020,100.0
CCSR Diagnosis Code,MBD002,MBD002,100.0
CCSR Diagnosis Code,DIG004,DIG004,100.0
CCSR Diagnosis Code,RSP010,RSP010,100.0
CCSR Diagnosis Code,DIG009,DIG009,100.0
CCSR Diagnosis Code,INJ037,INJ037,100.0
CCSR Diagnosis Code,MUS011,MUS011,100.0
CCSR Diagnosis Code,PRG014,PRG014,100.0
CCSR Diagnosis Code,DIG012,DIG012,100.0
CCSR Diagnosis Code,DIG016,DIG016,100.0
CCSR Diagnosis Code,GEN003,GEN003,100.0
CCSR Diagnosis Code,NEO030,NEO030,100.0
CCSR Diagnosis Code,EYE008,EYE008,100.0
CCSR Diagnosis Code,PNL013,PNL013,100.0
CCSR Diagnosis Code,SYM011,SYM011,100.0
CCSR Diagnosis Code,INJ012,INJ012,100.0
CCSR Diagnosis Code,NEO017,NEO017,100.0
CCSR Diagnosis Code,INJ001,INJ001,100.0
CCSR Diagnosis Code,EYE003,EYE003,100.0
CCSR Diagnosis Code,INJ026,INJ026,100.0
CCSR Diagnosis Code,DIG025,DIG025,100.0
CCSR Diagnosis Code,GEN025,GEN025,100.0
CCSR Diagnosis Code,GEN018,GEN018,100.0
CCSR Diagnosis Code,INJ022,INJ022,100.0
CCSR Diagnosis Code,NVS015,NVS015,100.0
CCSR Diagnosis Code,INJ008,INJ008,100.0
CCSR Diagnosis Code,INJ002,INJ002,100.0
CCSR Diagnosis Code,CIR011,CIR011,100.0
CCSR Diagnosis Code,MBD003,MBD003,100.0
CCSR Diagnosis Code,NEO018,NEO018,100.0
CCSR Diagnosis Code,SYM010,SYM010,100.0
CCSR Diagnosis Code,DIG018,DIG018,100.0
CCSR Diagnosis Code,INJ006,INJ006,100.0
CCSR Diagnosis Code,INJ003,INJ003,100.0
CCSR Diagnosis Code,EAR001,EAR001,100.0
CCSR Diagnosis Code,RSP013,RSP013,100.0
CCSR Diagnosis Code,NEO013,NEO013,100.0
CCSR Diagnosis Code,NEO015,NEO015,100.0
CCSR Diagnosis Code,CIR005,CIR005,100.0
CCSR Diagnosis Code,SYM016,SYM016,100.0
CCSR Diagnosis Code,END013,END013,100.0
CCSR Diagnosis Code,INF001,INF001,100.0
CCSR Diagnosis Code,DIG021,DIG021,100.0
CCSR Diagnosis Code,DIG007,DIG007,100.0
CCSR Diagnosis Code,PRG026,PRG026,100.0
CCSR Diagnosis Code,SYM002,SYM002,100.0
CCSR Diagnosis Code,INJ004,INJ004,100.0
CCSR Diagnosis Code,GEN013,GEN013,100.0
CCSR Diagnosis Code,DIG002,DIG002,100.0
CCSR Diagnosis Code,CIR026,CIR026,100.0
CCSR Diagnosis Code,BLD004,BLD004,100.0
CCSR Diagnosis Code,INF006,INF006,100.0
CCSR Diagnosis Code,NVS011,NVS011,100.0
CCSR Diagnosis Code,CIR006,CIR006,100.0
CCSR Diagnosis Code,GEN026,GEN026,100.0
CCSR Diagnosis Code,INJ019,INJ019,100.0
CCSR Diagnosis Code,DIG008,DIG008,100.0
CCSR Diagnosis Code,MBD004,MBD004,100.0
CCSR Diagnosis Code,NEO043,NEO043,100.0
CCSR Diagnosis Code,NEO023,NEO023,100.0
CCSR Diagnosis Code,INJ056,INJ056,100.0
CCSR Diagnosis Code,INJ005,INJ005,100.0
CCSR Diagnosis Code,MUS025,MUS025,100.0
CCSR Diagnosis Code,MAL001,MAL001,100.0
CCSR Diagnosis Code,NVS001,NVS001,100.0
CCSR Diagnosis Code,DIG003,DIG003,100.0
CCSR Diagnosis Code,PRG003,PRG003,100.0
CCSR Diagnosis Code,MAL002,MAL002,100.0
CCSR Diagnosis Code,MUS010,MUS010,100.0
CCSR Diagnosis Code,INJ030,INJ030,100.0
CCSR Diagnosis Code,MBD025,MBD025,100.0
CCSR Diagnosis Code,INJ036,INJ036,100.0
CCSR Diagnosis Code,NEO064,NEO064,100.0
CCSR Diagnosis Code,MUS029,MUS029,100.0
CCSR Diagnosis Code,CIR018,CIR018,100.0
CCSR Diagnosis Code,END015,END015,100.0
CCSR Diagnosis Code,CIR028,CIR028,100.0
CCSR Diagnosis Code,MUS002,MUS002,100.0
CCSR Diagnosis Code,GEN005,GEN005,100.0
CCSR Diagnosis Code,SYM017,SYM017,100.0
CCSR Diagnosis Code,DIG015,DIG015,100.0
CCSR Diagnosis Code,MBD021,MBD021,100.0
CCSR Diagnosis Code,GEN016,GEN016,100.0
CCSR Diagnosis Code,NVS008,NVS008,100.0
CCSR Diagnosis Code,CIR022,CIR022,100.0
CCSR Diagnosis Code,INJ017,INJ017,100.0
CCSR Diagnosis Code,NEO035,NEO035,100.0
CCSR Diagnosis Code,SYM015,SYM015,100.0
CCSR Diagnosis Code,PRG017,PRG017,100.0
CCSR Diagnosis Code,NEO039,NEO039,100.0
CCSR Diagnosis Code,CIR036,CIR036,100.0
CCSR Diagnosis Code,CIR021,CIR021,100.0
CCSR Diagnosis Code,MBD007,MBD007,100.0
CCSR Diagnosis Code,END014,END014,100.0
CCSR Diagnosis Code,SYM003,SYM003,100.0
CCSR Diagnosis Code,SYM007,SYM007,100.0
CCSR Diagnosis Code,MUS016,MUS016,100.0
CCSR Diagnosis Code,PRG006,PRG006,100.0
CCSR Diagnosis Code,EAR002,EAR002,100.0
CCSR Diagnosis Code,SYM014,SYM014,100.0
CCSR Diagnosis Code,SKN003,SKN003,100.0
CCSR Diagnosis Code,MUS023,MUS023,100.0
CCSR Diagnosis Code,INJ035,INJ035,100.0
CCSR Diagnosis Code,INJ007,INJ007,100.0
CCSR Diagnosis Code,INF005,INF005,100.0
CCSR Diagnosis Code,CIR024,CIR024,100.0
CCSR Diagnosis Code,NEO014,NEO014,100.0
CCSR Diagnosis Code,CIR039,CIR039,100.0
CCSR Diagnosis Code,INJ011,INJ011,100.0
CCSR Diagnosis Code,INJ023,INJ023,100.0
CCSR Diagnosis Code,CIR014,CIR014,100.0
CCSR Diagnosis Code,PNL003,PNL003,100.0
CCSR Diagnosis Code,CIR023,CIR023,100.0
CCSR Diagnosis Code,NEO072,NEO072,100.0
CCSR Diagnosis Code,NEO045,NEO045,100.0
CCSR Diagnosis Code,GEN020,GEN020,100.0
CCSR Diagnosis Code,CIR004,CIR004,100.0
CCSR Diagnosis Code,PRG021,PRG021,100.0
CCSR Diagnosis Code,DIG005,DIG005,100.0
CCSR Diagnosis Code,GEN022,GEN022,100.0
CCSR Diagnosis Code,SKN002,SKN002,100.0
CCSR Diagnosis Code,INF003,INF003,100.0
CCSR Diagnosis Code,MUS013,MUS013,100.0
CCSR Diagnosis Code,INJ024,INJ024,100.0
CCSR Diagnosis Code,END007,END007,100.0
CCSR Diagnosis Code,CIR027,CIR027,100.0
CCSR Diagnosis Code,MUS003,MUS003,100.0
CCSR Diagnosis Code,INJ020,INJ020,100.0
CCSR Diagnosis Code,CIR010,CIR010,100.0
CCSR Diagnosis Code,NEO012,NEO012,100.0
CCSR Diagnosis Code,MBD010,MBD010,100.0
CCSR Diagnosis Code,NEO022,NEO022,100.0
CCSR Diagnosis Code,NEO065,NEO065,100.0
CCSR Diagnosis Code,NVS004,NVS004,100.0
CCSR Diagnosis Code,PNL004,PNL004,100.0
CCSR Diagnosis Code,SYM004,SYM004,100.0
CCSR Diagnosis Code,PRG012,PRG012,100.0
CCSR Diagnosis Code,RSP001,RSP001,100.0
CCSR Diagnosis Code,NEO002,NEO002,100.0
CCSR Diagnosis Code,INJ073,INJ073,100.0
CCSR Diagnosis Code,NEO059,NEO059,100.0
CCSR Diagnosis Code,END008,END008,100.0
CCSR Diagnosis Code,RSP007,RSP007,100.0
CCSR Diagnosis Code,CIR038,CIR038,100.0
CCSR Diagnosis Code,DIG014,DIG014,100.0
CCSR Diagnosis Code,NVS014,NVS014,100.0
CCSR Diagnosis Code,END001,END001,100.0
CCSR Diagnosis Code,FAC025,FAC025,100.0
CCSR Diagnosis Code,RSP004,RSP004,100.0
CCSR Diagnosis Code,MAL008,MAL008,100.0
CCSR Diagnosis Code,EYE006,EYE006,100.0
CCSR Diagnosis Code,NEO010,NEO010,100.0
CCSR Diagnosis Code,MUS014,MUS014,100.0
CCSR Diagnosis Code,BLD002,BLD002,100.0
CCSR Diagnosis Code,MBD022,MBD022,100.0
CCSR Diagnosis Code,CIR030,CIR030,100.0
CCSR Diagnosis Code,MUS030,MUS030,100.0
CCSR Diagnosis Code,NVS018,NVS018,100.0
CCSR Diagnosis Code,MBD014,MBD014,100.0
CCSR Diagnosis Code,INJ063,INJ063,100.0
CCSR Diagnosis Code,EYE010,EYE010,100.0
CCSR Diagnosis Code,MUS033,MUS033,100.0
CCSR Diagnosis Code,MBD009,MBD009,100.0
CCSR Diagnosis Code,NEO069,NEO069,100.0
CCSR Diagnosis Code,SYM005,SYM005,100.0
CCSR Diagnosis Code,NEO071,NEO071,100.0
CCSR Diagnosis Code,SKN007,SKN007,100.0
CCSR Diagnosis Code,BLD010,BLD010,100.0
CCSR Diagnosis Code,MAL007,MAL007,100.0
CCSR Diagnosis Code,RSP017,RSP017,100.0
CCSR Diagnosis Code,INF007,INF007,100.0
CCSR Diagnosis Code,MBD026,MBD026,100.0
CCSR Diagnosis Code,MAL005,MAL005,100.0
CCSR Diagnosis Code,MAL003,MAL003,100.0
CCSR Diagnosis Code,MUS007,MUS007,100.0
CCSR Diagnosis Code,MBD019,MBD019,100.0
CCSR Diagnosis Code,NEO044,NEO044,100.0
CCSR Diagnosis Code,INJ009,INJ009,100.0
CCSR Diagnosis Code,NVS007,NVS007,100.0
CCSR Diagnosis Code,PRG005,PRG005,100.0
CCSR Diagnosis Code,NEO058,NEO058,100.0
CCSR Diagnosis Code,PRG004,PRG004,100.0
CCSR Diagnosis Code,PNL012,PNL012,100.0
CCSR Diagnosis Code,FAC003,FAC003,100.0
CCSR Diagnosis Code,GEN007,GEN007,100.0
CCSR Diagnosis Code,MBD008,MBD008,100.0
CCSR Diagnosis Code,EYE012,EYE012,100.0
CCSR Diagnosis Code,GEN012,GEN012,100.0
CCSR Diagnosis Code,INF010,INF010,100.0
CCSR Diagnosis Code,RSP014,RSP014,100.0
CCSR Diagnosis Code,CIR035,CIR035,100.0
CCSR Diagnosis Code,PRG010,PRG010,100.0
CCSR Diagnosis Code,NEO061,NEO061,100.0
CCSR Diagnosis Code,SKN006,SKN006,100.0
CCSR Diagnosis Code,MAL006,MAL006,100.0
CCSR Diagnosis Code,INJ016,INJ016,100.0
CCSR Diagnosis Code,MAL010,MAL010,100.0
CCSR Diagnosis Code,PRG015,PRG015,100.0
CCSR Diagnosis Code,GEN009,GEN009,100.0
CCSR Diagnosis Code,INJ046,INJ046,100.0
CCSR Diagnosis Code,DIG023,DIG023,100.0
CCSR Diagnosis Code,EYE002,EYE002,100.0
CCSR Diagnosis Code,GEN017,GEN017,100.0
CCSR Diagnosis Code,NEO032,NEO032,100.0
CCSR Diagnosis Code,MUS037,MUS037,100.0
CCSR Diagnosis Code,PNL005,PNL005,100.0
CCSR Diagnosis Code,NEO024,NEO024,100.0
CCSR Diagnosis Code,GEN021,GEN021,100.0
CCSR Diagnosis Code,INJ021,INJ021,100.0
CCSR Diagnosis Code,NEO003,NEO003,100.0
CCSR Diagnosis Code,NEO062,NEO062,100.0
CCSR Diagnosis Code,NEO011,NEO011,100.0
CCSR Diagnosis Code,SKN004,SKN004,100.0
CCSR Diagnosis Code,INJ042,INJ042,100.0
CCSR Diagnosis Code,INJ013,INJ013,100.0
CCSR Diagnosis Code,BLD008,BLD008,100.0
CCSR Diagnosis Code,NEO036,NEO036,100.0
CCSR Diagnosis Code,NEO041,NEO041,100.0
CCSR Diagnosis Code,NVS021,NVS021,100.0
CCSR Diagnosis Code,GEN001,GEN001,100.0
CCSR Diagnosis Code,GEN019,GEN019,100.0
CCSR Diagnosis Code,GEN011,GEN011,100.0
CCSR Diagnosis Code,END012,END012,100.0
CCSR Diagnosis Code,NEO038,NEO038,100.0
CCSR Diagnosis Code,INJ027,INJ027,100.0
CCSR Diagnosis Code,MAL004,MAL004,100.0
CCSR Diagnosis Code,INJ025,INJ025,100.0
CCSR Diagnosis Code,INJ039,INJ039,100.0
CCSR Diagnosis Code,INJ043,INJ043,100.0
CCSR Diagnosis Code,MUS017,MUS017,100.0
CCSR Diagnosis Code,INJ071,INJ071,100.0
CCSR Diagnosis Code,CIR007,CIR007,100.0
CCSR Diagnosis Code,INJ032,INJ032,100.0
CCSR Diagnosis Code,INJ074,INJ007,83.33333333333334
CCSR Diagnosis Code,EYE001,EYE001,100.0
CCSR Diagnosis Code,PNL006,PNL006,100.0
CCSR Diagnosis Code,NEO016,NEO016,100.0
CCSR Diagnosis Code,END010,END010,100.0
CCSR Diagnosis Code,PRG009,PRG009,100.0
CCSR Diagnosis Code,FAC004,FAC004,100.0
CCSR Diagnosis Code,NEO066,NEO066,100.0
CCSR Diagnosis Code,NEO025,NEO025,100.0
CCSR Diagnosis Code,NEO046,NEO046,100.0
CCSR Diagnosis Code,INJ041,INJ041,100.0
CCSR Diagnosis Code,INJ072,INJ072,100.0
CCSR Diagnosis Code,GEN014,GEN014,100.0
CCSR Diagnosis Code,NEO020,NEO020,100.0
CCSR Diagnosis Code,MBD011,MBD011,100.0
CCSR Diagnosis Code,INJ045,INJ045,100.0
CCSR Diagnosis Code,SYM008,SYM008,100.0
CCSR Diagnosis Code,NEO029,NEO029,100.0
CCSR Diagnosis Code,DIG006,DIG006,100.0
CCSR Diagnosis Code,MBD006,MBD006,100.0
CCSR Diagnosis Code,NEO050,NEO050,100.0
CCSR Diagnosis Code,INJ038,INJ038,100.0
CCSR Diagnosis Code,NEO004,NEO004,100.0
CCSR Diagnosis Code,NEO021,NEO021,100.0
CCSR Diagnosis Code,NEO052,NEO052,100.0
CCSR Diagnosis Code,MUS034,MUS034,100.0
CCSR Diagnosis Code,MBD023,MBD023,100.0
CCSR Diagnosis Code,NEO060,NEO060,100.0
CCSR Diagnosis Code,NEO001,NEO001,100.0
CCSR Diagnosis Code,INF004,INF004,100.0
CCSR Diagnosis Code,NEO031,NEO031,100.0
CCSR Diagnosis Code,CIR015,CIR015,100.0
CCSR Diagnosis Code,CIR002,CIR002,100.0
CCSR Diagnosis Code,NEO028,NEO028,100.0
CCSR Diagnosis Code,INJ040,INJ040,100.0
CCSR Diagnosis Code,NEO008,NEO008,100.0
CCSR Diagnosis Code,MAL009,MAL009,100.0
CCSR Diagnosis Code,NEO019,NEO019,100.0
CCSR Diagnosis Code,PRG007,PRG007,100.0
CCSR Diagnosis Code,NEO075,NEO075,100.0
CCSR Diagnosis Code,INJ018,INJ018,100.0
CCSR Diagnosis Code,NEO009,NEO009,100.0
CCSR Diagnosis Code,INJ047,INJ047,100.0
CCSR Diagnosis Code,NEO067,NEO067,100.0
CCSR Diagnosis Code,NEO057,NEO057,100.0
CCSR Diagnosis Code,SKN005,SKN005,100.0
CCSR Diagnosis Code,END002,END002,100.0
CCSR Diagnosis Code,NEO049,NEO049,100.0
CCSR Diagnosis Code,NEO056,NEO056,100.0
CCSR Diagnosis Code,EYE005,EYE005,100.0
CCSR Diagnosis Code,MUS015,MUS015,100.0
CCSR Diagnosis Code,CIR034,CIR034,100.0
CCSR Diagnosis Code,FAC008,FAC008,100.0
CCSR Diagnosis Code,PNL002,PNL002,100.0
CCSR Diagnosis Code,RSP015,RSP015,100.0
CCSR Diagnosis Code,CIR032,CIR032,100.0
CCSR Diagnosis Code,NEO027,NEO027,100.0
CCSR Diagnosis Code,NEO026,NEO026,100.0
CCSR Diagnosis Code,NEO078,NEO078,100.0
CCSR Diagnosis Code,MUS005,MUS005,100.0
CCSR Diagnosis Code,FAC009,FAC009,100.0
CCSR Diagnosis Code,INJ058,INJ055,83.33333333333334
CCSR Diagnosis Code,INJ061,INJ061,100.0
CCSR Diagnosis Code,INJ054,INJ054,100.0
CCSR Diagnosis Code,NEO007,NEO007,100.0
CCSR Diagnosis Code,INJ014,INJ014,100.0
CCSR Diagnosis Code,MUS021,MUS021,100.0
CCSR Diagnosis Code,EYE004,EYE004,100.0
CCSR Diagnosis Code,MBD013,MBD013,100.0
CCSR Diagnosis Code,EAR004,EAR004,100.0
CCSR Diagnosis Code,NEO040,NEO040,100.0
CCSR Diagnosis Code,MUS018,MUS018,100.0
CCSR Diagnosis Code,NEO047,NEO047,100.0
CCSR Diagnosis Code,NEO034,NEO034,100.0
CCSR Diagnosis Code,PNL010,PNL010,100.0
CCSR Diagnosis Code,GEN023,GEN023,100.0
CCSR Diagnosis Code,MUS027,MUS027,100.0
CCSR Diagnosis Code,INJ049,INJ049,100.0
CCSR Diagnosis Code,EYE011,EYE011,100.0
CCSR Diagnosis Code,INJ062,INJ062,100.0
CCSR Diagnosis Code,EYE007,EYE007,100.0
CCSR Diagnosis Code,NVS003,NVS003,100.0
CCSR Diagnosis Code,GEN008,GEN008,100.0
CCSR Diagnosis Code,MUS004,MUS004,100.0
CCSR Diagnosis Code,INJ069,INJ069,100.0
CCSR Diagnosis Code,NEO037,NEO037,100.0
CCSR Diagnosis Code,NEO055,NEO055,100.0
CCSR Diagnosis Code,INJ076,INJ076,100.0
CCSR Diagnosis Code,INJ070,INJ070,100.0
CCSR Diagnosis Code,MUS036,MUS036,100.0
CCSR Diagnosis Code,MUS008,MUS008,100.0
CCSR Diagnosis Code,MUS032,MUS032,100.0
CCSR Diagnosis Code,NEO005,NEO005,100.0
CCSR Diagnosis Code,MUS012,MUS012,100.0
CCSR Diagnosis Code,PNL008,PNL008,100.0
CCSR Diagnosis Code,FAC020,FAC020,100.0
CCSR Diagnosis Code,MUS031,MUS031,100.0
CCSR Diagnosis Code,FAC007,FAC007,100.0
CCSR Diagnosis Code,PNL011,PNL011,100.0
CCSR Diagnosis Code,INJ044,INJ044,100.0
CCSR Diagnosis Code,NEO054,NEO054,100.0
CCSR Diagnosis Code,NEO006,NEO006,100.0
CCSR Diagnosis Code,FAC013,FAC013,100.0
CCSR Diagnosis Code,FAC016,FAC016,100.0
CCSR Diagnosis Code,MUS019,MUS019,100.0
CCSR Diagnosis Code,NEO063,NEO063,100.0
CCSR Diagnosis Code,INJ051,INJ051,100.0
CCSR Diagnosis Code,INJ068,INJ068,100.0
CCSR Diagnosis Code,MUS020,MUS020,100.0
CCSR Diagnosis Code,BLD009,BLD009,100.0
CCSR Diagnosis Code,EAR005,EAR005,100.0
CCSR Diagnosis Code,XXX000,XXX000,100.0
CCSR Diagnosis Code,INJ052,INJ032,83.33333333333334
CCSR Diagnosis Code,FAC022,FAC022,100.0
CCSR Diagnosis Code,NVS022,NVS022,100.0
CCSR Diagnosis Code,GEN010,GEN010,100.0
CCSR Diagnosis Code,INJ057,INJ007,83.33333333333334
CCSR Diagnosis Code,INJ028,INJ028,100.0
CCSR Diagnosis Code,NEO053,NEO053,100.0
CCSR Diagnosis Code,INJ059,INJ059,100.0
CCSR Diagnosis Code,INJ050,INJ050,100.0
CCSR Diagnosis Code,INJ015,INJ015,100.0
CCSR Diagnosis Code,GEN024,GEN024,100.0
CCSR Diagnosis Code,FAC014,FAC014,100.0
CCSR Diagnosis Code,INJ064,INJ064,100.0
CCSR Diagnosis Code,INJ055,INJ055,100.0
CCSR Diagnosis Code,INJ060,INJ060,100.0
CCSR Diagnosis Code,INJ048,INJ048,100.0
CCSR Diagnosis Code,NEO042,NEO042,100.0
CCSR Diagnosis Code,MBD034,MBD034,100.0
CCSR Diagnosis Code,SYM018,SYM018,100.0
CCSR Diagnosis Code,MBD024,MBD024,100.0
CCSR Diagnosis Code,INJ075,INJ075,100.0
CCSR Diagnosis Code,PRG025,PRG025,100.0
CCSR Diagnosis Code,INJ067,INJ007,83.33333333333334
CCSR Diagnosis Code,FAC001,FAC001,100.0
CCSR Diagnosis Code,INJ053,INJ053,100.0
CCSR Diagnosis Code,PRG001,PRG001,100.0
CCSR Diagnosis Code,FAC012,FAC010,83.33333333333334
CCSR Diagnosis Code,INF011,INF011,100.0
CCSR Diagnosis Code,MBD027,MBD002,83.33333333333334
CCSR Diagnosis Description,Conditions due to neoplasm or the treatment of neoplasm,CONDITIONS DUE TO NEOPLASM OR THE TREATMENT OF NEOPLASM,100.0
CCSR Diagnosis Description,Acute pulmonary embolism,ACUTE PULMONARY EMBOLISM,100.0
CCSR Diagnosis Description,Septicemia,SEPTICEMIA,100.0
CCSR Diagnosis Description,Sickle cell trait/anemia,SICKLE CELL TRAIT/ANEMIA,100.0
CCSR Diagnosis Description,Diverticulosis and diverticulitis,DIVERTICULOSIS AND DIVERTICULITIS,100.0
CCSR Diagnosis Description,Nonspecific chest pain,NONSPECIFIC CHEST PAIN,100.0
CCSR Diagnosis Description,Urinary tract infections,URINARY TRACT INFECTIONS,100.0
CCSR Diagnosis Description,Diabetes or abnormal glucose tolerance complicating pregnancy; childbirth; or the puerperium,DIABETES OR ABNORMAL GLUCOSE TOLERANCE COMPLICATING PREGNANCY; CHILDBIRTH; OR THE PUERPERIUM,100.0
CCSR Diagnosis Description,"Malposition, disproportion or other labor complications","MALPOSITION, DISPROPORTION OR OTHER LABOR COMPLICATIONS",100.0
CCSR Diagnosis Description,Complications specified during childbirth,COMPLICATIONS SPECIFIED DURING CHILDBIRTH,100.0
CCSR Diagnosis Description,Previous C-section,PREVIOUS C-SECTION,100.0
CCSR Diagnosis Description,Alcohol-related disorders,ALCOHOL-RELATED DISORDERS,100.0
CCSR Diagnosis Description,Prolonged pregnancy,PROLONGED PREGNANCY,100.0
CCSR Diagnosis Description,Acute myocardial infarction,ACUTE MYOCARDIAL INFARCTION,100.0
CCSR Diagnosis Description,"Internal organ injury, initial encounter","INTERNAL ORGAN INJURY, INITIAL ENCOUNTER",100.0
CCSR Diagnosis Description,Hypertension and hypertensive-related conditions complicating pregnancy; childbirth; and the puerperium,HYPERTENSION AND HYPERTENSIVE-RELATED CONDITIONS COMPLICATING PREGNANCY; CHILDBIRTH; AND THE PUERPERIUM,100.0
CCSR Diagnosis Description,Asthma,ASTHMA,100.0
CCSR Diagnosis Description,Benign neoplasms,BENIGN NEOPLASMS,100.0
CCSR Diagnosis Description,"Uncomplicated pregnancy, delivery or puerperium","UNCOMPLICATED PREGNANCY, DELIVERY OR PUERPERIUM",100.0
CCSR Diagnosis Description,Other aftercare encounter,OTHER AFTERCARE ENCOUNTER,100.0
CCSR Diagnosis Description,Liveborn,LIVEBORN,100.0
CCSR Diagnosis Description,Pancreatic disorders (excluding diabetes),PANCREATIC DISORDERS (EXCLUDING DIABETES),100.0
CCSR Diagnosis Description,Respiratory failure; insufficiency; arrest,RESPIRATORY FAILURE; INSUFFICIENCY; ARREST,100.0
CCSR Diagnosis Description,Fluid and electrolyte disorders,FLUID AND ELECTROLYTE DISORDERS,100.0
CCSR Diagnosis Description,COVID-19,FLUID AND ELECTROLYTE DISORDERS,35.89743589743589
CCSR Diagnosis Description,Tendon and synovial disorders,TENDON AND SYNOVIAL DISORDERS,100.0
CCSR Diagnosis Description,Diabetes mellitus with complication,DIABETES MELLITUS WITH COMPLICATION,100.0
CCSR Diagnosis Description,Aortic; peripheral; and visceral artery aneurysms,AORTIC; PERIPHERAL; AND VISCERAL ARTERY ANEURYSMS,100.0
CCSR Diagnosis Description,Cardiac dysrhythmias,CARDIAC DYSRHYTHMIAS,100.0
CCSR Diagnosis Description,Opioid-related disorders,OPIOID-RELATED DISORDERS,100.0
CCSR Diagnosis Description,Biliary tract disease,BILIARY TRACT DISEASE,100.0
CCSR Diagnosis Description,Heart failure,HEART FAILURE,100.0
CCSR Diagnosis Description,Other specified and unspecified diseases of kidney and ureters,OTHER SPECIFIED AND UNSPECIFIED DISEASES OF KIDNEY AND URETERS,100.0
CCSR Diagnosis Description,Other specified and unspecified liver disease,OTHER SPECIFIED AND UNSPECIFIED LIVER DISEASE,100.0
CCSR Diagnosis Description,Epilepsy; convulsions,EPILEPSY; CONVULSIONS,100.0
CCSR Diagnosis Description,Muscle disorders,MUSCLE DISORDERS,100.0
CCSR Diagnosis Description,Respiratory signs and symptoms,RESPIRATORY SIGNS AND SYMPTOMS,100.0
CCSR Diagnosis Description,Syncope,SYNCOPE,100.0
CCSR Diagnosis Description,Multiple sclerosis,MULTIPLE SCLEROSIS,100.0
CCSR Diagnosis Description,Maternal care related to disorders of the placenta and placental implantation,MATERNAL CARE RELATED TO DISORDERS OF THE PLACENTA AND PLACENTAL IMPLANTATION,100.0
CCSR Diagnosis Description,Aplastic anemia,APLASTIC ANEMIA,100.0
CCSR Diagnosis Description,Nutritional anemia,NUTRITIONAL ANEMIA,100.0
CCSR Diagnosis Description,Other specified complications in pregnancy,OTHER SPECIFIED COMPLICATIONS IN PREGNANCY,100.0
CCSR Diagnosis Description,Secondary malignancies,SECONDARY MALIGNANCIES,100.0
CCSR Diagnosis Description,Other nervous system disorders (neither hereditary nor degenerative),OTHER NERVOUS SYSTEM DISORDERS (NEITHER HEREDITARY NOR DEGENERATIVE),100.0
CCSR Diagnosis Description,Postprocedural or postoperative digestive system complication,POSTPROCEDURAL OR POSTOPERATIVE DIGESTIVE SYSTEM COMPLICATION,100.0
CCSR Diagnosis Description,Allergic reactions,ALLERGIC REACTIONS,100.0
CCSR Diagnosis Description,Skin and subcutaneous tissue infections,SKIN AND SUBCUTANEOUS TISSUE INFECTIONS,100.0
CCSR Diagnosis Description,Female reproductive system cancers - ovary,FEMALE REPRODUCTIVE SYSTEM CANCERS - OVARY,100.0
CCSR Diagnosis Description,Coagulation and hemorrhagic disorders,COAGULATION AND HEMORRHAGIC DISORDERS,100.0
CCSR Diagnosis Description,"Parasitic, other specified and unspecified infections","PARASITIC, OTHER SPECIFIED AND UNSPECIFIED INFECTIONS",100.0
CCSR Diagnosis Description,Other specified and unspecified disorders of the ear,OTHER SPECIFIED AND UNSPECIFIED DISORDERS OF THE EAR,100.0
CCSR Diagnosis Description,"Complication of genitourinary device, implant or graft, initial encounter","COMPLICATION OF GENITOURINARY DEVICE, IMPLANT OR GRAFT, INITIAL ENCOUNTER",100.0
CCSR Diagnosis Description,Infective arthritis,INFECTIVE ARTHRITIS,100.0
CCSR Diagnosis Description,Transient cerebral ischemia,TRANSIENT CEREBRAL ISCHEMIA,100.0
CCSR Diagnosis Description,Abdominal pain and other digestive/abdomen signs and symptoms,ABDOMINAL PAIN AND OTHER DIGESTIVE/ABDOMEN SIGNS AND SYMPTOMS,100.0
CCSR Diagnosis Description,Other nervous system disorders (often hereditary or degenerative),OTHER NERVOUS SYSTEM DISORDERS (OFTEN HEREDITARY OR DEGENERATIVE),100.0
CCSR Diagnosis Description,Hypertension with complications and secondary hypertension,HYPERTENSION WITH COMPLICATIONS AND SECONDARY HYPERTENSION,100.0
CCSR Diagnosis Description,Chronic obstructive pulmonary disease and bronchiectasis,CHRONIC OBSTRUCTIVE PULMONARY DISEASE AND BRONCHIECTASIS,100.0
CCSR Diagnosis Description,Regional enteritis and ulcerative colitis,REGIONAL ENTERITIS AND ULCERATIVE COLITIS,100.0
CCSR Diagnosis Description,Hypotension,HYPOTENSION,100.0
CCSR Diagnosis Description,Maternal care related to fetal conditions,MATERNAL CARE RELATED TO FETAL CONDITIONS,100.0
CCSR Diagnosis Description,Noninfectious gastroenteritis,NONINFECTIOUS GASTROENTERITIS,100.0
CCSR Diagnosis Description,Acute bronchitis,ACUTE BRONCHITIS,100.0
CCSR Diagnosis Description,Nervous system pain and pain syndromes,NERVOUS SYSTEM PAIN AND PAIN SYNDROMES,100.0
CCSR Diagnosis Description,Headache; including migraine,HEADACHE; INCLUDING MIGRAINE,100.0
CCSR Diagnosis Description,Diseases of white blood cells,DISEASES OF WHITE BLOOD CELLS,100.0
CCSR Diagnosis Description,Suicidal ideation/attempt/intentional self-harm,SUICIDAL IDEATION/ATTEMPT/INTENTIONAL SELF-HARM,100.0
CCSR Diagnosis Description,Acute and unspecified renal failure,ACUTE AND UNSPECIFIED RENAL FAILURE,100.0
CCSR Diagnosis Description,Sequela of cerebral infarction and other cerebrovascular disease,SEQUELA OF CEREBRAL INFARCTION AND OTHER CEREBROVASCULAR DISEASE,100.0
CCSR Diagnosis Description,Influenza,INFLUENZA,100.0
CCSR Diagnosis Description,Abdominal hernia,ABDOMINAL HERNIA,100.0
CCSR Diagnosis Description,Other specified and unspecified lower respiratory disease,OTHER SPECIFIED AND UNSPECIFIED LOWER RESPIRATORY DISEASE,100.0
CCSR Diagnosis Description,Endocrine system cancers - pancreas,ENDOCRINE SYSTEM CANCERS - PANCREAS,100.0
CCSR Diagnosis Description,Nonrheumatic and unspecified valve disorders,NONRHEUMATIC AND UNSPECIFIED VALVE DISORDERS,100.0
CCSR Diagnosis Description,Anxiety and fear-related disorders,ANXIETY AND FEAR-RELATED DISORDERS,100.0
CCSR Diagnosis Description,Schizophrenia spectrum and other psychotic disorders,SCHIZOPHRENIA SPECTRUM AND OTHER PSYCHOTIC DISORDERS,100.0
CCSR Diagnosis Description,Low back pain,LOW BACK PAIN,100.0
CCSR Diagnosis Description,Neonatal abstinence syndrome,NEONATAL ABSTINENCE SYNDROME,100.0
CCSR Diagnosis Description,Pneumonia (except that caused by tuberculosis),PNEUMONIA (EXCEPT THAT CAUSED BY TUBERCULOSIS),100.0
CCSR Diagnosis Description,Obesity,OBESITY,100.0
CCSR Diagnosis Description,Coma; stupor; and brain damage,COMA; STUPOR; AND BRAIN DAMAGE,100.0
CCSR Diagnosis Description,Encounter for antineoplastic therapies,ENCOUNTER FOR ANTINEOPLASTIC THERAPIES,100.0
CCSR Diagnosis Description,"Complication of cardiovascular device, implant or graft, initial encounter","COMPLICATION OF CARDIOVASCULAR DEVICE, IMPLANT OR GRAFT, INITIAL ENCOUNTER",100.0
CCSR Diagnosis Description,Conduction disorders,CONDUCTION DISORDERS,100.0
CCSR Diagnosis Description,Intestinal infection,INTESTINAL INFECTION,100.0
CCSR Diagnosis Description,Other specified bone disease and musculoskeletal deformities,OTHER SPECIFIED BONE DISEASE AND MUSCULOSKELETAL DEFORMITIES,100.0
CCSR Diagnosis Description,Cerebral infarction,CEREBRAL INFARCTION,100.0
CCSR Diagnosis Description,Osteoarthritis,OSTEOARTHRITIS,100.0
CCSR Diagnosis Description,Circulatory signs and symptoms,CIRCULATORY SIGNS AND SYMPTOMS,100.0
CCSR Diagnosis Description,Chronic rheumatic heart disease,CHRONIC RHEUMATIC HEART DISEASE,100.0
CCSR Diagnosis Description,Sleep wake disorders,SLEEP WAKE DISORDERS,100.0
CCSR Diagnosis Description,Other specified upper respiratory infections,OTHER SPECIFIED UPPER RESPIRATORY INFECTIONS,100.0
CCSR Diagnosis Description,Complications specified during the puerperium,COMPLICATIONS SPECIFIED DURING THE PUERPERIUM,100.0
CCSR Diagnosis Description,Perinatal infections,PERINATAL INFECTIONS,100.0
CCSR Diagnosis Description,Diseases of inner ear and related conditions,DISEASES OF INNER EAR AND RELATED CONDITIONS,100.0
CCSR Diagnosis Description,Nervous system cancers - brain,NERVOUS SYSTEM CANCERS - BRAIN,100.0
CCSR Diagnosis Description,Viral infection,VIRAL INFECTION,100.0
CCSR Diagnosis Description,Early or threatened labor,EARLY OR THREATENED LABOR,100.0
CCSR Diagnosis Description,Systemic lupus erythematosus and connective tissue disorders,SYSTEMIC LUPUS ERYTHEMATOSUS AND CONNECTIVE TISSUE DISORDERS,100.0
CCSR Diagnosis Description,Encephalitis,ENCEPHALITIS,100.0
CCSR Diagnosis Description,"Pleurisy, pleural effusion and pulmonary collapse","PLEURISY, PLEURAL EFFUSION AND PULMONARY COLLAPSE",100.0
CCSR Diagnosis Description,Scoliosis and other postural dorsopathic deformities,SCOLIOSIS AND OTHER POSTURAL DORSOPATHIC DEFORMITIES,100.0
CCSR Diagnosis Description,Acute phlebitis; thrombophlebitis and thromboembolism,ACUTE PHLEBITIS; THROMBOPHLEBITIS AND THROMBOEMBOLISM,100.0
CCSR Diagnosis Description,Hemolytic jaundice and perinatal jaundice,HEMOLYTIC JAUNDICE AND PERINATAL JAUNDICE,100.0
CCSR Diagnosis Description,Myelodysplastic syndrome (MDS),MYELODYSPLASTIC SYNDROME (MDS),100.0
CCSR Diagnosis Description,Nerve and nerve root disorders,NERVE AND NERVE ROOT DISORDERS,100.0
CCSR Diagnosis Description,Other specified and unspecified nutritional and metabolic disorders,OTHER SPECIFIED AND UNSPECIFIED NUTRITIONAL AND METABOLIC DISORDERS,100.0
CCSR Diagnosis Description,Sedative-related disorders,SEDATIVE-RELATED DISORDERS,100.0
CCSR Diagnosis Description,Depressive disorders,DEPRESSIVE DISORDERS,100.0
CCSR Diagnosis Description,Esophageal disorders,ESOPHAGEAL DISORDERS,100.0
CCSR Diagnosis Description,Aspiration pneumonitis,ASPIRATION PNEUMONITIS,100.0
CCSR Diagnosis Description,Appendicitis and other appendiceal conditions,APPENDICITIS AND OTHER APPENDICEAL CONDITIONS,100.0
CCSR Diagnosis Description,"Complication of other surgical or medical care, injury, initial encounter","COMPLICATION OF OTHER SURGICAL OR MEDICAL CARE, INJURY, INITIAL ENCOUNTER",100.0
CCSR Diagnosis Description,Spondylopathies/spondyloarthropathy (including infective),SPONDYLOPATHIES/SPONDYLOARTHROPATHY (INCLUDING INFECTIVE),100.0
CCSR Diagnosis Description,Polyhydramnios and other problems of amniotic cavity,POLYHYDRAMNIOS AND OTHER PROBLEMS OF AMNIOTIC CAVITY,100.0
CCSR Diagnosis Description,Intestinal obstruction and ileus,INTESTINAL OBSTRUCTION AND ILEUS,100.0
CCSR Diagnosis Description,Peritonitis and intra-abdominal abscess,PERITONITIS AND INTRA-ABDOMINAL ABSCESS,100.0
CCSR Diagnosis Description,Chronic kidney disease,CHRONIC KIDNEY DISEASE,100.0
CCSR Diagnosis Description,Breast cancer - all other types,BREAST CANCER - ALL OTHER TYPES,100.0
CCSR Diagnosis Description,Oculofacial plastics and orbital conditions,OCULOFACIAL PLASTICS AND ORBITAL CONDITIONS,100.0
CCSR Diagnosis Description,Other specified and unspecified perinatal conditions,OTHER SPECIFIED AND UNSPECIFIED PERINATAL CONDITIONS,100.0
CCSR Diagnosis Description,Genitourinary signs and symptoms,GENITOURINARY SIGNS AND SYMPTOMS,100.0
CCSR Diagnosis Description,"Open wounds to limbs, initial encounter","OPEN WOUNDS TO LIMBS, INITIAL ENCOUNTER",100.0
CCSR Diagnosis Description,Gastrointestinal cancers - liver,GASTROINTESTINAL CANCERS - LIVER,100.0
CCSR Diagnosis Description,"Fracture of head and neck, initial encounter","FRACTURE OF HEAD AND NECK, INITIAL ENCOUNTER",100.0
CCSR Diagnosis Description,Glaucoma,GLAUCOMA,100.0
CCSR Diagnosis Description,Other specified injury,OTHER SPECIFIED INJURY,100.0
CCSR Diagnosis Description,Other specified and unspecified gastrointestinal disorders,OTHER SPECIFIED AND UNSPECIFIED GASTROINTESTINAL DISORDERS,100.0
CCSR Diagnosis Description,Other specified female genital disorders,OTHER SPECIFIED FEMALE GENITAL DISORDERS,100.0
CCSR Diagnosis Description,Inflammatory diseases of female pelvic organs,INFLAMMATORY DISEASES OF FEMALE PELVIC ORGANS,100.0
CCSR Diagnosis Description,"Poisoning by drugs, initial encounter","POISONING BY DRUGS, INITIAL ENCOUNTER",100.0
CCSR Diagnosis Description,Polyneuropathies,POLYNEUROPATHIES,100.0
CCSR Diagnosis Description,"Traumatic brain injury (TBI); concussion, initial encounter","TRAUMATIC BRAIN INJURY (TBI); CONCUSSION, INITIAL ENCOUNTER",100.0
CCSR Diagnosis Description,"Fracture of the spine and back, initial encounter","FRACTURE OF THE SPINE AND BACK, INITIAL ENCOUNTER",100.0
CCSR Diagnosis Description,Coronary atherosclerosis and other heart disease,CORONARY ATHEROSCLEROSIS AND OTHER HEART DISEASE,100.0
CCSR Diagnosis Description,Bipolar and related disorders,BIPOLAR AND RELATED DISORDERS,100.0
CCSR Diagnosis Description,Gastrointestinal cancers - bile duct,GASTROINTESTINAL CANCERS - BILE DUCT,100.0
CCSR Diagnosis Description,Nervous system signs and symptoms,NERVOUS SYSTEM SIGNS AND SYMPTOMS,100.0
CCSR Diagnosis Description,Hepatic failure,HEPATIC FAILURE,100.0
CCSR Diagnosis Description,"Fracture of the neck of the femur (hip), initial encounter","FRACTURE OF THE NECK OF THE FEMUR (HIP), INITIAL ENCOUNTER",100.0
CCSR Diagnosis Description,"Fracture of torso, initial encounter","FRACTURE OF TORSO, INITIAL ENCOUNTER",100.0
CCSR Diagnosis Description,Otitis media,OTITIS MEDIA,100.0
CCSR Diagnosis Description,Lung disease due to external agents,LUNG DISEASE DUE TO EXTERNAL AGENTS,100.0
CCSR Diagnosis Description,Gastrointestinal cancers - stomach,GASTROINTESTINAL CANCERS - STOMACH,100.0
CCSR Diagnosis Description,Gastrointestinal cancers - colorectal,GASTROINTESTINAL CANCERS - COLORECTAL,100.0
CCSR Diagnosis Description,Myocarditis and cardiomyopathy,MYOCARDITIS AND CARDIOMYOPATHY,100.0
CCSR Diagnosis Description,Other general signs and symptoms,OTHER GENERAL SIGNS AND SYMPTOMS,100.0
CCSR Diagnosis Description,Pituitary disorders,PITUITARY DISORDERS,100.0
CCSR Diagnosis Description,Tuberculosis,TUBERCULOSIS,100.0
CCSR Diagnosis Description,Gastrointestinal hemorrhage,GASTROINTESTINAL HEMORRHAGE,100.0
CCSR Diagnosis Description,Gastritis and duodenitis,GASTRITIS AND DUODENITIS,100.0
CCSR Diagnosis Description,OB-related trauma to perineum and vulva,OB-RELATED TRAUMA TO PERINEUM AND VULVA,100.0
CCSR Diagnosis Description,Fever,FEVER,100.0
CCSR Diagnosis Description,"Fracture of the upper limb, initial encounter","FRACTURE OF THE UPPER LIMB, INITIAL ENCOUNTER",100.0
CCSR Diagnosis Description,Inflammatory conditions of male genital organs,INFLAMMATORY CONDITIONS OF MALE GENITAL ORGANS,100.0
CCSR Diagnosis Description,Disorders of teeth and gingiva,DISORDERS OF TEETH AND GINGIVA,100.0
CCSR Diagnosis Description,Peripheral and visceral vascular disease,PERIPHERAL AND VISCERAL VASCULAR DISEASE,100.0
CCSR Diagnosis Description,Acute posthemorrhagic anemia,ACUTE POSTHEMORRHAGIC ANEMIA,100.0
CCSR Diagnosis Description,HIV infection,HIV INFECTION,100.0
CCSR Diagnosis Description,Neurocognitive disorders,NEUROCOGNITIVE DISORDERS,100.0
CCSR Diagnosis Description,Pericarditis and pericardial disease,PERICARDITIS AND PERICARDIAL DISEASE,100.0
CCSR Diagnosis Description,Postprocedural or postoperative genitourinary system complication,POSTPROCEDURAL OR POSTOPERATIVE GENITOURINARY SYSTEM COMPLICATION,100.0
CCSR Diagnosis Description,"Burn and corrosion, initial encounter","BURN AND CORROSION, INITIAL ENCOUNTER",100.0
CCSR Diagnosis Description,Other specified and unspecified disorders of stomach and duodenum,OTHER SPECIFIED AND UNSPECIFIED DISORDERS OF STOMACH AND DUODENUM,100.0
CCSR Diagnosis Description,Other specified and unspecified mood disorders,OTHER SPECIFIED AND UNSPECIFIED MOOD DISORDERS,100.0
CCSR Diagnosis Description,Urinary system cancers - bladder,URINARY SYSTEM CANCERS - BLADDER,100.0
CCSR Diagnosis Description,Bone cancer,BONE CANCER,100.0
CCSR Diagnosis Description,"Burns and corrosion, subsequent encounter","BURNS AND CORROSION, SUBSEQUENT ENCOUNTER",100.0
CCSR Diagnosis Description,"Fracture of the lower limb (except hip), initial encounter","FRACTURE OF THE LOWER LIMB (EXCEPT HIP), INITIAL ENCOUNTER",100.0
CCSR Diagnosis Description,Other specified connective tissue disease,OTHER SPECIFIED CONNECTIVE TISSUE DISEASE,100.0
CCSR Diagnosis Description,Cardiac and circulatory congenital anomalies,CARDIAC AND CIRCULATORY CONGENITAL ANOMALIES,100.0
CCSR Diagnosis Description,Meningitis,MENINGITIS,100.0
CCSR Diagnosis Description,Diseases of mouth; excluding dental,DISEASES OF MOUTH; EXCLUDING DENTAL,100.0
CCSR Diagnosis Description,Spontaneous abortion and complications of spontaneous abortion,SPONTANEOUS ABORTION AND COMPLICATIONS OF SPONTANEOUS ABORTION,100.0
CCSR Diagnosis Description,Digestive congenital anomalies,DIGESTIVE CONGENITAL ANOMALIES,100.0
CCSR Diagnosis Description,"Musculoskeletal pain, not low back pain","MUSCULOSKELETAL PAIN, NOT LOW BACK PAIN",100.0
CCSR Diagnosis Description,Drug induced or toxic related condition,DRUG INDUCED OR TOXIC RELATED CONDITION,100.0
CCSR Diagnosis Description,Other specified substance-related disorders,OTHER SPECIFIED SUBSTANCE-RELATED DISORDERS,100.0
CCSR Diagnosis Description,"Complication of transplanted organs or tissue, initial encounter","COMPLICATION OF TRANSPLANTED ORGANS OR TISSUE, INITIAL ENCOUNTER",100.0
CCSR Diagnosis Description,Leukemia - all other types,LEUKEMIA - ALL OTHER TYPES,100.0
CCSR Diagnosis Description,Disorders of jaw,DISORDERS OF JAW,100.0
CCSR Diagnosis Description,Cardiac arrest and ventricular fibrillation,CARDIAC ARREST AND VENTRICULAR FIBRILLATION,100.0
CCSR Diagnosis Description,Other specified and unspecified endocrine disorders,OTHER SPECIFIED AND UNSPECIFIED ENDOCRINE DISORDERS,100.0
CCSR Diagnosis Description,Gangrene,GANGRENE,100.0
CCSR Diagnosis Description,Osteomyelitis,OSTEOMYELITIS,100.0
CCSR Diagnosis Description,Calculus of urinary tract,CALCULUS OF URINARY TRACT,100.0
CCSR Diagnosis Description,Abnormal findings without diagnosis,ABNORMAL FINDINGS WITHOUT DIAGNOSIS,100.0
CCSR Diagnosis Description,Anal and rectal conditions,ANAL AND RECTAL CONDITIONS,100.0
CCSR Diagnosis Description,Stimulant-related disorders,STIMULANT-RELATED DISORDERS,100.0
CCSR Diagnosis Description,Other specified male genital disorders,OTHER SPECIFIED MALE GENITAL DISORDERS,100.0
CCSR Diagnosis Description,Paralysis (other than cerebral palsy),PARALYSIS (OTHER THAN CEREBRAL PALSY),100.0
CCSR Diagnosis Description,Sequela of hemorrhagic cerebrovascular disease,SEQUELA OF HEMORRHAGIC CEREBROVASCULAR DISEASE,100.0
CCSR Diagnosis Description,"Superficial injury; contusion, initial encounter","SUPERFICIAL INJURY; CONTUSION, INITIAL ENCOUNTER",100.0
CCSR Diagnosis Description,Female reproductive system cancers - endometrium,FEMALE REPRODUCTIVE SYSTEM CANCERS - ENDOMETRIUM,100.0
CCSR Diagnosis Description,General sensation/perception signs and symptoms,GENERAL SENSATION/PERCEPTION SIGNS AND SYMPTOMS,100.0
CCSR Diagnosis Description,Maternal care for abnormality of pelvic organs,MATERNAL CARE FOR ABNORMALITY OF PELVIC ORGANS,100.0
CCSR Diagnosis Description,Male reproductive system cancers - prostate,MALE REPRODUCTIVE SYSTEM CANCERS - PROSTATE,100.0
CCSR Diagnosis Description,Postthrombotic syndrome and venous insufficiency/hypertension,POSTTHROMBOTIC SYNDROME AND VENOUS INSUFFICIENCY/HYPERTENSION,100.0
CCSR Diagnosis Description,Acute hemorrhagic cerebrovascular disease,ACUTE HEMORRHAGIC CEREBROVASCULAR DISEASE,100.0
CCSR Diagnosis Description,Trauma- and stressor-related disorders,TRAUMA- AND STRESSOR-RELATED DISORDERS,100.0
CCSR Diagnosis Description,Postprocedural or postoperative endocrine or metabolic complication,POSTPROCEDURAL OR POSTOPERATIVE ENDOCRINE OR METABOLIC COMPLICATION,100.0
CCSR Diagnosis Description,Shock,SHOCK,100.0
CCSR Diagnosis Description,Malaise and fatigue,MALAISE AND FATIGUE,100.0
CCSR Diagnosis Description,"Stress fracture, initial encounter","STRESS FRACTURE, INITIAL ENCOUNTER",100.0
CCSR Diagnosis Description,Molar pregnancy and other abnormal products of conception,MOLAR PREGNANCY AND OTHER ABNORMAL PRODUCTS OF CONCEPTION,100.0
CCSR Diagnosis Description,Diseases of middle ear and mastoid (except otitis media),DISEASES OF MIDDLE EAR AND MASTOID (EXCEPT OTITIS MEDIA),100.0
CCSR Diagnosis Description,Skin/Subcutaneous signs and symptoms,SKIN/SUBCUTANEOUS SIGNS AND SYMPTOMS,100.0
CCSR Diagnosis Description,Pressure ulcer of skin,PRESSURE ULCER OF SKIN,100.0
CCSR Diagnosis Description,Acquired deformities (excluding foot),ACQUIRED DEFORMITIES (EXCLUDING FOOT),100.0
CCSR Diagnosis Description,"Complication of internal orthopedic device or implant, initial encounter","COMPLICATION OF INTERNAL ORTHOPEDIC DEVICE OR IMPLANT, INITIAL ENCOUNTER",100.0
CCSR Diagnosis Description,"Dislocations, initial encounter","DISLOCATIONS, INITIAL ENCOUNTER",100.0
CCSR Diagnosis Description,Foodborne intoxications,FOODBORNE INTOXICATIONS,100.0
CCSR Diagnosis Description,Other and ill-defined cerebrovascular disease,OTHER AND ILL-DEFINED CEREBROVASCULAR DISEASE,100.0
CCSR Diagnosis Description,Gastrointestinal cancers - small intestine,GASTROINTESTINAL CANCERS - SMALL INTESTINE,100.0
CCSR Diagnosis Description,Other specified diseases of veins and lymphatics,OTHER SPECIFIED DISEASES OF VEINS AND LYMPHATICS,100.0
CCSR Diagnosis Description,"Open wounds of head and neck, initial encounter","OPEN WOUNDS OF HEAD AND NECK, INITIAL ENCOUNTER",100.0
CCSR Diagnosis Description,"Toxic effects, initial encounter","TOXIC EFFECTS, INITIAL ENCOUNTER",100.0
CCSR Diagnosis Description,Pulmonary heart disease,PULMONARY HEART DISEASE,100.0
CCSR Diagnosis Description,Neonatal acidemia and hypoxia,NEONATAL ACIDEMIA AND HYPOXIA,100.0
CCSR Diagnosis Description,Occlusion or stenosis of precerebral or cerebral arteries without infarction,OCCLUSION OR STENOSIS OF PRECEREBRAL OR CEREBRAL ARTERIES WITHOUT INFARCTION,100.0
CCSR Diagnosis Description,Neoplasms of unspecified nature or uncertain behavior,NEOPLASMS OF UNSPECIFIED NATURE OR UNCERTAIN BEHAVIOR,100.0
CCSR Diagnosis Description,Urinary system cancers - kidney,URINARY SYSTEM CANCERS - KIDNEY,100.0
CCSR Diagnosis Description,Prolapse of female genital organs,PROLAPSE OF FEMALE GENITAL ORGANS,100.0
CCSR Diagnosis Description,Endocarditis and endocardial disease,ENDOCARDITIS AND ENDOCARDIAL DISEASE,100.0
CCSR Diagnosis Description,Maternal intrauterine infection,MATERNAL INTRAUTERINE INFECTION,100.0
CCSR Diagnosis Description,Gastroduodenal ulcer,GASTRODUODENAL ULCER,100.0
CCSR Diagnosis Description,Benign ovarian cyst,BENIGN OVARIAN CYST,100.0
CCSR Diagnosis Description,Other specified inflammatory condition of skin,OTHER SPECIFIED INFLAMMATORY CONDITION OF SKIN,100.0
CCSR Diagnosis Description,Bacterial infections,BACTERIAL INFECTIONS,100.0
CCSR Diagnosis Description,Osteoporosis,OSTEOPOROSIS,100.0
CCSR Diagnosis Description,"Sprains and strains, initial encounter","SPRAINS AND STRAINS, INITIAL ENCOUNTER",100.0
CCSR Diagnosis Description,Nutritional deficiencies,NUTRITIONAL DEFICIENCIES,100.0
CCSR Diagnosis Description,Arterial dissections,ARTERIAL DISSECTIONS,100.0
CCSR Diagnosis Description,Rheumatoid arthritis and related disease,RHEUMATOID ARTHRITIS AND RELATED DISEASE,100.0
CCSR Diagnosis Description,"Effect of foreign body entering opening, initial encounter","EFFECT OF FOREIGN BODY ENTERING OPENING, INITIAL ENCOUNTER",100.0
CCSR Diagnosis Description,Complications of acute myocardial infarction,COMPLICATIONS OF ACUTE MYOCARDIAL INFARCTION,100.0
CCSR Diagnosis Description,Gastrointestinal cancers - esophagus,GASTROINTESTINAL CANCERS - ESOPHAGUS,100.0
CCSR Diagnosis Description,Feeding and eating disorders,FEEDING AND EATING DISORDERS,100.0
CCSR Diagnosis Description,Respiratory cancers,RESPIRATORY CANCERS,100.0
CCSR Diagnosis Description,Multiple myeloma,MULTIPLE MYELOMA,100.0
CCSR Diagnosis Description,Parkinson`s disease,PARKINSON`S DISEASE,100.0
CCSR Diagnosis Description,Neonatal cerebral disorders,NEONATAL CEREBRAL DISORDERS,100.0
CCSR Diagnosis Description,Nausea and vomiting,NAUSEA AND VOMITING,100.0
CCSR Diagnosis Description,Multiple gestation,MULTIPLE GESTATION,100.0
CCSR Diagnosis Description,Sinusitis,SINUSITIS,100.0
CCSR Diagnosis Description,Head and neck cancers - lip and oral cavity,HEAD AND NECK CANCERS - LIP AND ORAL CAVITY,100.0
CCSR Diagnosis Description,"Injury, sequela","INJURY, SEQUELA",100.0
CCSR Diagnosis Description,Leukemia - acute lymphoblastic leukemia (ALL),LEUKEMIA - ACUTE LYMPHOBLASTIC LEUKEMIA (ALL),100.0
CCSR Diagnosis Description,Malnutrition,MALNUTRITION,100.0
CCSR Diagnosis Description,Other specified and unspecified upper respiratory disease,OTHER SPECIFIED AND UNSPECIFIED UPPER RESPIRATORY DISEASE,100.0
CCSR Diagnosis Description,Postprocedural or postoperative circulatory system complication,POSTPROCEDURAL OR POSTOPERATIVE CIRCULATORY SYSTEM COMPLICATION,100.0
CCSR Diagnosis Description,Hemorrhoids,HEMORRHOIDS,100.0
CCSR Diagnosis Description,CNS abscess,CNS ABSCESS,100.0
CCSR Diagnosis Description,Thyroid disorders,THYROID DISORDERS,100.0
CCSR Diagnosis Description,Other specified status,OTHER SPECIFIED STATUS,100.0
CCSR Diagnosis Description,Acute and chronic tonsillitis,ACUTE AND CHRONIC TONSILLITIS,100.0
CCSR Diagnosis Description,Musculoskeletal congenital conditions,MUSCULOSKELETAL CONGENITAL CONDITIONS,100.0
CCSR Diagnosis Description,Neuro-ophthalmology,NEURO-OPHTHALMOLOGY,100.0
CCSR Diagnosis Description,Head and neck cancers - all other types,HEAD AND NECK CANCERS - ALL OTHER TYPES,100.0
CCSR Diagnosis Description,"Pathological fracture, initial encounter","PATHOLOGICAL FRACTURE, INITIAL ENCOUNTER",100.0
CCSR Diagnosis Description,Hemolytic anemia,HEMOLYTIC ANEMIA,100.0
CCSR Diagnosis Description,Hallucinogen-related disorders,HALLUCINOGEN-RELATED DISORDERS,100.0
CCSR Diagnosis Description,Aortic and peripheral arterial embolism or thrombosis,AORTIC AND PERIPHERAL ARTERIAL EMBOLISM OR THROMBOSIS,100.0
CCSR Diagnosis Description,Aseptic necrosis and osteonecrosis,ASEPTIC NECROSIS AND OSTEONECROSIS,100.0
CCSR Diagnosis Description,Myopathies,MYOPATHIES,100.0
CCSR Diagnosis Description,Neurodevelopmental disorders,NEURODEVELOPMENTAL DISORDERS,100.0
CCSR Diagnosis Description,"Other specified injury, subsequent encounter","OTHER SPECIFIED INJURY, SUBSEQUENT ENCOUNTER",100.0
CCSR Diagnosis Description,Blindness and vision defects,BLINDNESS AND VISION DEFECTS,100.0
CCSR Diagnosis Description,Gout,GOUT,100.0
CCSR Diagnosis Description,Personality disorders,PERSONALITY DISORDERS,100.0
CCSR Diagnosis Description,Cancer of other sites,CANCER OF OTHER SITES,100.0
CCSR Diagnosis Description,Dysphagia,DYSPHAGIA,100.0
CCSR Diagnosis Description,"Malignant neoplasm, unspecified","MALIGNANT NEOPLASM, UNSPECIFIED",100.0
CCSR Diagnosis Description,Other specified and unspecified skin disorders,OTHER SPECIFIED AND UNSPECIFIED SKIN DISORDERS,100.0
CCSR Diagnosis Description,Other specified and unspecified hematologic conditions,OTHER SPECIFIED AND UNSPECIFIED HEMATOLOGIC CONDITIONS,100.0
CCSR Diagnosis Description,Respiratory congenital malformations,RESPIRATORY CONGENITAL MALFORMATIONS,100.0
CCSR Diagnosis Description,Postprocedural or postoperative respiratory system complication,POSTPROCEDURAL OR POSTOPERATIVE RESPIRATORY SYSTEM COMPLICATION,100.0
CCSR Diagnosis Description,Hepatitis,HEPATITIS,100.0
CCSR Diagnosis Description,Mental and substance use disorders in remission,MENTAL AND SUBSTANCE USE DISORDERS IN REMISSION,100.0
CCSR Diagnosis Description,"Congenital malformations of eye, ear, face, neck","CONGENITAL MALFORMATIONS OF EYE, EAR, FACE, NECK",100.0
CCSR Diagnosis Description,Genitourinary congenital anomalies,GENITOURINARY CONGENITAL ANOMALIES,100.0
CCSR Diagnosis Description,Other specified joint disorders,OTHER SPECIFIED JOINT DISORDERS,100.0
CCSR Diagnosis Description,Cannabis-related disorders,CANNABIS-RELATED DISORDERS,100.0
CCSR Diagnosis Description,Urinary system cancers - ureter and renal pelvis,URINARY SYSTEM CANCERS - URETER AND RENAL PELVIS,100.0
CCSR Diagnosis Description,"Spinal cord injury (SCI), initial encounter","SPINAL CORD INJURY (SCI), INITIAL ENCOUNTER",100.0
CCSR Diagnosis Description,Cerebral palsy,CEREBRAL PALSY,100.0
CCSR Diagnosis Description,Ectopic pregnancy and complications of ectopic pregnancy,ECTOPIC PREGNANCY AND COMPLICATIONS OF ECTOPIC PREGNANCY,100.0
CCSR Diagnosis Description,Non-Hodgkin lymphoma,NON-HODGKIN LYMPHOMA,100.0
CCSR Diagnosis Description,Induced abortion and complications of termination of pregnancy,INDUCED ABORTION AND COMPLICATIONS OF TERMINATION OF PREGNANCY,100.0
CCSR Diagnosis Description,Neonatal digestive and feeding disorders,NEONATAL DIGESTIVE AND FEEDING DISORDERS,100.0
CCSR Diagnosis Description,"Encounter for observation and examination for conditions ruled out (excludes infectious disease, neoplasm, mental disorders)","ENCOUNTER FOR OBSERVATION AND EXAMINATION FOR CONDITIONS RULED OUT (EXCLUDES INFECTIOUS DISEASE, NEOPLASM, MENTAL DISORDERS)",100.0
CCSR Diagnosis Description,Other specified and unspecified diseases of bladder and urethra,OTHER SPECIFIED AND UNSPECIFIED DISEASES OF BLADDER AND URETHRA,100.0
CCSR Diagnosis Description,"Disruptive, impulse-control and conduct disorders","DISRUPTIVE, IMPULSE-CONTROL AND CONDUCT DISORDERS",100.0
CCSR Diagnosis Description,Other specified eye disorders,OTHER SPECIFIED EYE DISORDERS,100.0
CCSR Diagnosis Description,Hyperplasia of prostate,HYPERPLASIA OF PROSTATE,100.0
CCSR Diagnosis Description,Sexually transmitted infections (excluding HIV and hepatitis),SEXUALLY TRANSMITTED INFECTIONS (EXCLUDING HIV AND HEPATITIS),100.0
CCSR Diagnosis Description,Pneumothorax,PNEUMOTHORAX,100.0
CCSR Diagnosis Description,Varicose veins of lower extremity,VARICOSE VEINS OF LOWER EXTREMITY,100.0
CCSR Diagnosis Description,Hemorrhage after first trimester,HEMORRHAGE AFTER FIRST TRIMESTER,100.0
CCSR Diagnosis Description,Leukemia - chronic lymphocytic leukemia (CLL),LEUKEMIA - CHRONIC LYMPHOCYTIC LEUKEMIA (CLL),100.0
CCSR Diagnosis Description,Postprocedural or postoperative skin complication,POSTPROCEDURAL OR POSTOPERATIVE SKIN COMPLICATION,100.0
CCSR Diagnosis Description,Cleft lip or palate,CLEFT LIP OR PALATE,100.0
CCSR Diagnosis Description,"Injury to blood vessels, initial encounter","INJURY TO BLOOD VESSELS, INITIAL ENCOUNTER",100.0
CCSR Diagnosis Description,Other specified and unspecified congenital anomalies,OTHER SPECIFIED AND UNSPECIFIED CONGENITAL ANOMALIES,100.0
CCSR Diagnosis Description,Obstetric history affecting care in pregnancy,OBSTETRIC HISTORY AFFECTING CARE IN PREGNANCY,100.0
CCSR Diagnosis Description,Hematuria,HEMATURIA,100.0
CCSR Diagnosis Description,"Spinal cord injury (SCI), subsequent encounter","SPINAL CORD INJURY (SCI), SUBSEQUENT ENCOUNTER",100.0
CCSR Diagnosis Description,Noninfectious hepatitis,NONINFECTIOUS HEPATITIS,100.0
CCSR Diagnosis Description,Cataract and other lens disorders,CATARACT AND OTHER LENS DISORDERS,100.0
CCSR Diagnosis Description,Nonmalignant breast conditions,NONMALIGNANT BREAST CONDITIONS,100.0
CCSR Diagnosis Description,Female reproductive system cancers - cervix,FEMALE REPRODUCTIVE SYSTEM CANCERS - CERVIX,100.0
CCSR Diagnosis Description,Postprocedural or postoperative musculoskeletal system complication,POSTPROCEDURAL OR POSTOPERATIVE MUSCULOSKELETAL SYSTEM COMPLICATION,100.0
CCSR Diagnosis Description,Respiratory distress syndrome,RESPIRATORY DISTRESS SYNDROME,100.0
CCSR Diagnosis Description,Sarcoma,SARCOMA,100.0
CCSR Diagnosis Description,Menstrual disorders,MENSTRUAL DISORDERS,100.0
CCSR Diagnosis Description,"Effect of other external causes, initial encounter","EFFECT OF OTHER EXTERNAL CAUSES, INITIAL ENCOUNTER",100.0
CCSR Diagnosis Description,Head and neck cancers - throat,HEAD AND NECK CANCERS - THROAT,100.0
CCSR Diagnosis Description,Leukemia - chronic myeloid leukemia (CML),LEUKEMIA - CHRONIC MYELOID LEUKEMIA (CML),100.0
CCSR Diagnosis Description,Cardiac cancers,CARDIAC CANCERS,100.0
CCSR Diagnosis Description,Non-pressure ulcer of skin,NON-PRESSURE ULCER OF SKIN,100.0
CCSR Diagnosis Description,"Fracture of lower limb (except hip), subsequent encounter","FRACTURE OF LOWER LIMB (EXCEPT HIP), SUBSEQUENT ENCOUNTER",100.0
CCSR Diagnosis Description,"Open wounds of trunk, initial encounter","OPEN WOUNDS OF TRUNK, INITIAL ENCOUNTER",100.0
CCSR Diagnosis Description,Immunity disorders,IMMUNITY DISORDERS,100.0
CCSR Diagnosis Description,Female reproductive system cancers - vulva,FEMALE REPRODUCTIVE SYSTEM CANCERS - VULVA,100.0
CCSR Diagnosis Description,Male reproductive system cancers - penis,MALE REPRODUCTIVE SYSTEM CANCERS - PENIS,100.0
CCSR Diagnosis Description,Postprocedural or postoperative nervous system complication,POSTPROCEDURAL OR POSTOPERATIVE NERVOUS SYSTEM COMPLICATION,100.0
CCSR Diagnosis Description,Nephritis; nephrosis; renal sclerosis,NEPHRITIS; NEPHROSIS; RENAL SCLEROSIS,100.0
CCSR Diagnosis Description,Endometriosis,ENDOMETRIOSIS,100.0
CCSR Diagnosis Description,Vesicoureteral reflux,VESICOURETERAL REFLUX,100.0
CCSR Diagnosis Description,Cystic fibrosis,CYSTIC FIBROSIS,100.0
CCSR Diagnosis Description,Female reproductive system cancers - all other types,FEMALE REPRODUCTIVE SYSTEM CANCERS - ALL OTHER TYPES,100.0
CCSR Diagnosis Description,Other unspecified injury,OTHER UNSPECIFIED INJURY,100.0
CCSR Diagnosis Description,Nervous system congenital anomalies,NERVOUS SYSTEM CONGENITAL ANOMALIES,100.0
CCSR Diagnosis Description,"Injury to nerves, muscles and tendons, initial encounter","INJURY TO NERVES, MUSCLES AND TENDONS, INITIAL ENCOUNTER",100.0
CCSR Diagnosis Description,"Fracture of the spine and back, subsequent encounter","FRACTURE OF THE SPINE AND BACK, SUBSEQUENT ENCOUNTER",100.0
CCSR Diagnosis Description,"Fracture of the neck of the femur (hip), subsequent encounter","FRACTURE OF THE NECK OF THE FEMUR (HIP), SUBSEQUENT ENCOUNTER",100.0
CCSR Diagnosis Description,"Stress fracture, subsequent encounter","STRESS FRACTURE, SUBSEQUENT ENCOUNTER",100.0
CCSR Diagnosis Description,"Complication of internal orthopedic device or implant, subsequent encounter","COMPLICATION OF INTERNAL ORTHOPEDIC DEVICE OR IMPLANT, SUBSEQUENT ENCOUNTER",100.0
CCSR Diagnosis Description,Essential hypertension,ESSENTIAL HYPERTENSION,100.0
CCSR Diagnosis Description,Maltreatment/abuse,MALTREATMENT/ABUSE,100.0
CCSR Diagnosis Description,"Effect of other external causes, sequela","EFFECT OF OTHER EXTERNAL CAUSES, INITIAL ENCOUNTER",79.54545454545455
CCSR Diagnosis Description,Cornea and external disease,CORNEA AND EXTERNAL DISEASE,100.0
CCSR Diagnosis Description,Respiratory perinatal condition,RESPIRATORY PERINATAL CONDITION,100.0
CCSR Diagnosis Description,Gastrointestinal cancers - anus,GASTROINTESTINAL CANCERS - ANUS,100.0
CCSR Diagnosis Description,Disorders of lipid metabolism,DISORDERS OF LIPID METABOLISM,100.0
CCSR Diagnosis Description,"Early, first or unspecified trimester hemorrhage","EARLY, FIRST OR UNSPECIFIED TRIMESTER HEMORRHAGE",100.0
CCSR Diagnosis Description,Encounter for prophylactic or other procedures,ENCOUNTER FOR PROPHYLACTIC OR OTHER PROCEDURES,100.0
CCSR Diagnosis Description,Malignant neuroendocrine tumors,MALIGNANT NEUROENDOCRINE TUMORS,100.0
CCSR Diagnosis Description,Skin cancers - melanoma,SKIN CANCERS - MELANOMA,100.0
CCSR Diagnosis Description,Urinary system cancers - urethra,URINARY SYSTEM CANCERS - URETHRA,100.0
CCSR Diagnosis Description,"Fracture of the upper limb, subsequent encounter","FRACTURE OF THE UPPER LIMB, SUBSEQUENT ENCOUNTER",100.0
CCSR Diagnosis Description,"Complication of other surgical or medical care, injury, subsequent encounter","COMPLICATION OF OTHER SURGICAL OR MEDICAL CARE, INJURY, SUBSEQUENT ENCOUNTER",100.0
CCSR Diagnosis Description,Erectile dysfunction,ERECTILE DYSFUNCTION,100.0
CCSR Diagnosis Description,Gastrointestinal cancers - peritoneum,GASTROINTESTINAL CANCERS - PERITONEUM,100.0
CCSR Diagnosis Description,Somatic disorders,SOMATIC DISORDERS,100.0
CCSR Diagnosis Description,"Traumatic brain injury (TBI); concussion, subsequent encounter","TRAUMATIC BRAIN INJURY (TBI); CONCUSSION, SUBSEQUENT ENCOUNTER",100.0
CCSR Diagnosis Description,Symptoms of mental and substance use conditions,SYMPTOMS OF MENTAL AND SUBSTANCE USE CONDITIONS,100.0
CCSR Diagnosis Description,Breast cancer - ductal carcinoma in situ (DCIS),BREAST CANCER - DUCTAL CARCINOMA IN SITU (DCIS),100.0
CCSR Diagnosis Description,Gastrointestinal and biliary perforation,GASTROINTESTINAL AND BILIARY PERFORATION,100.0
CCSR Diagnosis Description,Obsessive-compulsive and related disorders,OBSESSIVE-COMPULSIVE AND RELATED DISORDERS,100.0
CCSR Diagnosis Description,Endocrine system cancers - thyroid,ENDOCRINE SYSTEM CANCERS - THYROID,100.0
CCSR Diagnosis Description,"Fracture of head and neck, subsequent encounter","FRACTURE OF HEAD AND NECK, SUBSEQUENT ENCOUNTER",100.0
CCSR Diagnosis Description,Head and neck cancers - salivary gland,HEAD AND NECK CANCERS - SALIVARY GLAND,100.0
CCSR Diagnosis Description,Gastrointestinal cancers - all other types,GASTROINTESTINAL CANCERS - ALL OTHER TYPES,100.0
CCSR Diagnosis Description,Endocrine system cancers - thymus,ENDOCRINE SYSTEM CANCERS - THYMUS,100.0
CCSR Diagnosis Description,Crystal arthropathies (excluding gout),CRYSTAL ARTHROPATHIES (EXCLUDING GOUT),100.0
CCSR Diagnosis Description,Inhalant-related disorders,INHALANT-RELATED DISORDERS,100.0
CCSR Diagnosis Description,Leukemia - acute myeloid leukemia (AML),LEUKEMIA - ACUTE MYELOID LEUKEMIA (AML),100.0
CCSR Diagnosis Description,Head and neck cancers - eye,HEAD AND NECK CANCERS - EYE,100.0
CCSR Diagnosis Description,Fungal infections,FUNGAL INFECTIONS,100.0
CCSR Diagnosis Description,Female reproductive system cancers - uterus,FEMALE REPRODUCTIVE SYSTEM CANCERS - UTERUS,100.0
CCSR Diagnosis Description,Other and ill-defined heart disease,OTHER AND ILL-DEFINED HEART DISEASE,100.0
CCSR Diagnosis Description,Acute rheumatic heart disease,ACUTE RHEUMATIC HEART DISEASE,100.0
CCSR Diagnosis Description,Skin cancers - all other types,SKIN CANCERS - ALL OTHER TYPES,100.0
CCSR Diagnosis Description,"Fracture of torso, subsequent encounter","FRACTURE OF TORSO, SUBSEQUENT ENCOUNTER",100.0
CCSR Diagnosis Description,Head and neck cancers - laryngeal,HEAD AND NECK CANCERS - LARYNGEAL,100.0
CCSR Diagnosis Description,Chromosomal abnormalities,CHROMOSOMAL ABNORMALITIES,100.0
CCSR Diagnosis Description,Gastrointestinal cancers - gallbladder,GASTROINTESTINAL CANCERS - GALLBLADDER,100.0
CCSR Diagnosis Description,Complications following ectopic and/or molar pregnancy,COMPLICATIONS FOLLOWING ECTOPIC AND/OR MOLAR PREGNANCY,100.0
CCSR Diagnosis Description,Leukemia in remission,LEUKEMIA IN REMISSION,100.0
CCSR Diagnosis Description,"Crushing injury, initial encounter","CRUSHING INJURY, INITIAL ENCOUNTER",100.0
CCSR Diagnosis Description,Head and neck cancers - tonsils,HEAD AND NECK CANCERS - TONSILS,100.0
CCSR Diagnosis Description,"Internal organ injury, subsequent encounter","INTERNAL ORGAN INJURY, SUBSEQUENT ENCOUNTER",100.0
CCSR Diagnosis Description,Mesothelioma,MESOTHELIOMA,100.0
CCSR Diagnosis Description,Hodgkin lymphoma,HODGKIN LYMPHOMA,100.0
CCSR Diagnosis Description,Contact dermatitis,CONTACT DERMATITIS,100.0
CCSR Diagnosis Description,Diabetes mellitus without complication,DIABETES MELLITUS WITHOUT COMPLICATION,100.0
CCSR Diagnosis Description,Nervous system cancers - all other types,NERVOUS SYSTEM CANCERS - ALL OTHER TYPES,100.0
CCSR Diagnosis Description,Endocrine system cancers - all other types,ENDOCRINE SYSTEM CANCERS - ALL OTHER TYPES,100.0
CCSR Diagnosis Description,Retinal and vitreous conditions,RETINAL AND VITREOUS CONDITIONS,100.0
CCSR Diagnosis Description,"Pathological fracture, subsequent encounter","PATHOLOGICAL FRACTURE, SUBSEQUENT ENCOUNTER",100.0
CCSR Diagnosis Description,Chronic phlebitis; thrombophlebitis and thromboembolism,CHRONIC PHLEBITIS; THROMBOPHLEBITIS AND THROMBOEMBOLISM,100.0
CCSR Diagnosis Description,Neoplasm-related encounters,NEOPLASM-RELATED ENCOUNTERS,100.0
CCSR Diagnosis Description,Short gestation; low birth weight; and fetal growth retardation,SHORT GESTATION; LOW BIRTH WEIGHT; AND FETAL GROWTH RETARDATION,100.0
CCSR Diagnosis Description,Mediastinal disorders,MEDIASTINAL DISORDERS,100.0
CCSR Diagnosis Description,Other specified and unspecified circulatory disease,OTHER SPECIFIED AND UNSPECIFIED CIRCULATORY DISEASE,100.0
CCSR Diagnosis Description,Skin cancers - squamous cell carcinoma,SKIN CANCERS - SQUAMOUS CELL CARCINOMA,100.0
CCSR Diagnosis Description,Skin cancers - basal cell carcinoma,SKIN CANCERS - BASAL CELL CARCINOMA,100.0
CCSR Diagnosis Description,Myeloma in remission,MYELOMA IN REMISSION,100.0
CCSR Diagnosis Description,Other specified chronic arthropathy,OTHER SPECIFIED CHRONIC ARTHROPATHY,100.0
CCSR Diagnosis Description,"Implant, device or graft related encounter","IMPLANT, DEVICE OR GRAFT RELATED ENCOUNTER",100.0
CCSR Diagnosis Description,"Effect of other external causes, subsequent encounter","EFFECT OF OTHER EXTERNAL CAUSES, INITIAL ENCOUNTER",87.12871287128714
CCSR Diagnosis Description,"Sprains and strains, subsequent encounter","SPRAINS AND STRAINS, SUBSEQUENT ENCOUNTER",100.0
CCSR Diagnosis Description,"Superficial injury; contusion, subsequent encounter","SUPERFICIAL INJURY; CONTUSION, SUBSEQUENT ENCOUNTER",100.0
CCSR Diagnosis Description,Head and neck cancers - pharyngeal,HEAD AND NECK CANCERS - PHARYNGEAL,100.0
CCSR Diagnosis Description,"Amputation of a limb, initial encounter","AMPUTATION OF A LIMB, INITIAL ENCOUNTER",100.0
CCSR Diagnosis Description,Acquired foot deformities,ACQUIRED FOOT DEFORMITIES,100.0
CCSR Diagnosis Description,Uveitis and ocular inflammation,UVEITIS AND OCULAR INFLAMMATION,100.0
CCSR Diagnosis Description,Miscellaneous mental and behavioral disorders/conditions,MISCELLANEOUS MENTAL AND BEHAVIORAL DISORDERS/CONDITIONS,100.0
CCSR Diagnosis Description,Hearing loss,HEARING LOSS,100.0
CCSR Diagnosis Description,Male reproductive system cancers - testis,MALE REPRODUCTIVE SYSTEM CANCERS - TESTIS,100.0
CCSR Diagnosis Description,"Atypical fracture, initial encounter","ATYPICAL FRACTURE, INITIAL ENCOUNTER",100.0
CCSR Diagnosis Description,Urinary system cancers - all other types,URINARY SYSTEM CANCERS - ALL OTHER TYPES,100.0
CCSR Diagnosis Description,Female reproductive system cancers - fallopian tube,FEMALE REPRODUCTIVE SYSTEM CANCERS - FALLOPIAN TUBE,100.0
CCSR Diagnosis Description,Newborn affected by maternal conditions or complications of labor/delivery,NEWBORN AFFECTED BY MATERNAL CONDITIONS OR COMPLICATIONS OF LABOR/DELIVERY,100.0
CCSR Diagnosis Description,Menopausal disorders,MENOPAUSAL DISORDERS,100.0
CCSR Diagnosis Description,Musculoskeletal abscess,MUSCULOSKELETAL ABSCESS,100.0
CCSR Diagnosis Description,"Open wounds to limbs, subsequent encounter","OPEN WOUNDS TO LIMBS, SUBSEQUENT ENCOUNTER",100.0
CCSR Diagnosis Description,Postprocedural or postoperative eye complication,POSTPROCEDURAL OR POSTOPERATIVE EYE COMPLICATION,100.0
CCSR Diagnosis Description,"Injury to nerves, muscles and tendons, subsequent encounter","INJURY TO NERVES, MUSCLES AND TENDONS, SUBSEQUENT ENCOUNTER",100.0
CCSR Diagnosis Description,Strabismus,STRABISMUS,100.0
CCSR Diagnosis Description,Other specified CNS infection and poliomyelitis,OTHER SPECIFIED CNS INFECTION AND POLIOMYELITIS,100.0
CCSR Diagnosis Description,Urinary incontinence,URINARY INCONTINENCE,100.0
CCSR Diagnosis Description,Juvenile arthritis,JUVENILE ARTHRITIS,100.0
CCSR Diagnosis Description,"Complication of cardiovascular device, implant or graft, subsequent encounter","COMPLICATION OF CARDIOVASCULAR DEVICE, IMPLANT OR GRAFT, SUBSEQUENT ENCOUNTER",100.0
CCSR Diagnosis Description,Female reproductive system cancers - vagina,FEMALE REPRODUCTIVE SYSTEM CANCERS - VAGINA,100.0
CCSR Diagnosis Description,Endocrine system cancers - pituitary gland,ENDOCRINE SYSTEM CANCERS - PITUITARY GLAND,100.0
CCSR Diagnosis Description,"Complication, sequela","COMPLICATION, SEQUELA",100.0
CCSR Diagnosis Description,"Complication of genitourinary device, implant or graft, subsequent encounter","COMPLICATION OF GENITOURINARY DEVICE, IMPLANT OR GRAFT, SUBSEQUENT ENCOUNTER",100.0
CCSR Diagnosis Description,Autoinflammatory syndromes,AUTOINFLAMMATORY SYNDROMES,100.0
CCSR Diagnosis Description,Immune-mediated/reactive arthropathies,IMMUNE-MEDIATED/REACTIVE ARTHROPATHIES,100.0
CCSR Diagnosis Description,Neurogenic/neuropathic arthropathy,NEUROGENIC/NEUROPATHIC ARTHROPATHY,100.0
CCSR Diagnosis Description,Head and neck cancers - nasopharyngeal,HEAD AND NECK CANCERS - NASOPHARYNGEAL,100.0
CCSR Diagnosis Description,Biomechanical lesions,BIOMECHANICAL LESIONS,100.0
CCSR Diagnosis Description,Birth trauma,BIRTH TRAUMA,100.0
CCSR Diagnosis Description,Lifestyle/life management factors,LIFESTYLE/LIFE MANAGEMENT FACTORS,100.0
CCSR Diagnosis Description,Traumatic arthropathy,TRAUMATIC ARTHROPATHY,100.0
CCSR Diagnosis Description,Encounter for mental health conditions,ENCOUNTER FOR MENTAL HEALTH CONDITIONS,100.0
CCSR Diagnosis Description,Hemorrhagic and hematologic disorders of newborn,HEMORRHAGIC AND HEMATOLOGIC DISORDERS OF NEWBORN,100.0
CCSR Diagnosis Description,"Dislocations, subsequent encounter","DISLOCATIONS, SUBSEQUENT ENCOUNTER",100.0
CCSR Diagnosis Description,Endocrine system cancers - parathyroid,ENDOCRINE SYSTEM CANCERS - PARATHYROID,100.0
CCSR Diagnosis Description,Head and neck cancers - hypopharyngeal,HEAD AND NECK CANCERS - HYPOPHARYNGEAL,100.0
CCSR Diagnosis Description,Contraceptive and procreative management,CONTRACEPTIVE AND PROCREATIVE MANAGEMENT,100.0
CCSR Diagnosis Description,"Exposure, encounters, screening or contact with infectious disease","EXPOSURE, ENCOUNTERS, SCREENING OR CONTACT WITH INFECTIOUS DISEASE",100.0
CCSR Diagnosis Description,"Atypical fracture, subsequent encounter","ATYPICAL FRACTURE, SUBSEQUENT ENCOUNTER",100.0
CCSR Diagnosis Description,Leukemia - hairy cell,LEUKEMIA - HAIRY CELL,100.0
CCSR Diagnosis Description,"Amputation of a limb, subsequent encounter","AMPUTATION OF A LIMB, SUBSEQUENT ENCOUNTER",100.0
CCSR Diagnosis Description,"Maltreatment/abuse, subsequent encounter","MALTREATMENT/ABUSE, SUBSEQUENT ENCOUNTER",100.0
CCSR Diagnosis Description,"Pathological, stress and atypical fractures, sequela","PATHOLOGICAL, STRESS AND ATYPICAL FRACTURES, SEQUELA",100.0
CCSR Diagnosis Description,Postprocedural or postoperative complications of the spleen,POSTPROCEDURAL OR POSTOPERATIVE COMPLICATIONS OF THE SPLEEN,100.0
CCSR Diagnosis Description,Postprocedural or postoperative ear and/or mastoid process complication,POSTPROCEDURAL OR POSTOPERATIVE EAR AND/OR MASTOID PROCESS COMPLICATION,100.0
CCSR Diagnosis Description,Unacceptable PDX,UNACCEPTABLE PDX,100.0
CCSR Diagnosis Description,"Amputation of other body parts, subsequent encounter","AMPUTATION OF OTHER BODY PARTS, INITIAL ENCOUNTER",86.86868686868688
CCSR Diagnosis Description,Acquired absence of limb or organ,ACQUIRED ABSENCE OF LIMB OR ORGAN,100.0
CCSR Diagnosis Description,Sequela of specified nervous system conditions,SEQUELA OF SPECIFIED NERVOUS SYSTEM CONDITIONS,100.0
CCSR Diagnosis Description,Proteinuria,PROTEINURIA,100.0
CCSR Diagnosis Description,"Effect of foreign body entering opening, subsequent encounter","EFFECT OF FOREIGN BODY ENTERING OPENING, INITIAL ENCOUNTER",88.88888888888889
CCSR Diagnosis Description,"Adverse effects of drugs and medicaments, initial encounter","ADVERSE EFFECTS OF DRUGS AND MEDICAMENTS, INITIAL ENCOUNTER",100.0
CCSR Diagnosis Description,Endocrine system cancers - adrenocortical,ENDOCRINE SYSTEM CANCERS - ADRENOCORTICAL,100.0
CCSR Diagnosis Description,"Poisoning by drugs, subsequent encounter","POISONING BY DRUGS, SUBSEQUENT ENCOUNTER",100.0
CCSR Diagnosis Description,"Open wounds of trunk, subsequent encounter","OPEN WOUNDS OF TRUNK, SUBSEQUENT ENCOUNTER",100.0
CCSR Diagnosis Description,"Amputation of other body parts, initial encounter","AMPUTATION OF OTHER BODY PARTS, INITIAL ENCOUNTER",100.0
CCSR Diagnosis Description,Female infertility,FEMALE INFERTILITY,100.0
CCSR Diagnosis Description,Medical examination/evaluation,MEDICAL EXAMINATION/EVALUATION,100.0
CCSR Diagnosis Description,"Other unspecified injuries, subsequent encounter","OTHER UNSPECIFIED INJURIES, SUBSEQUENT ENCOUNTER",100.0
CCSR Diagnosis Description,"Crushing injury, subsequent encounter","CRUSHING INJURY, SUBSEQUENT ENCOUNTER",100.0
CCSR Diagnosis Description,"Toxic effects, subsequent encounter","TOXIC EFFECTS, SUBSEQUENT ENCOUNTER",100.0
CCSR Diagnosis Description,"Open wounds of head and neck, subsequent encounter","OPEN WOUNDS OF HEAD AND NECK, SUBSEQUENT ENCOUNTER",100.0
CCSR Diagnosis Description,Male reproductive system cancers - all other types,MALE REPRODUCTIVE SYSTEM CANCERS - ALL OTHER TYPES,100.0
CCSR Diagnosis Description,Mental and substance use disorders; sequela,MENTAL AND SUBSTANCE USE DISORDERS; SEQUELA,100.0
CCSR Diagnosis Description,Prediabetes,PREDIABETES,100.0
CCSR Diagnosis Description,Tobacco-related disorders,TOBACCO-RELATED DISORDERS,100.0
CCSR Diagnosis Description,"Poisoning/toxic effect/adverse effects/underdosing, sequela","POISONING/TOXIC EFFECT/ADVERSE EFFECTS/UNDERDOSING, SEQUELA",100.0
CCSR Diagnosis Description,Anesthesia complications during pregnancy,ANESTHESIA COMPLICATIONS DURING PREGNANCY,100.0
CCSR Diagnosis Description,"Allergic reactions, subsequent encounter","DISLOCATIONS, SUBSEQUENT ENCOUNTER",80.55555555555556
CCSR Diagnosis Description,Encounter for administrative purposes,ENCOUNTER FOR ADMINISTRATIVE PURPOSES,100.0
CCSR Diagnosis Description,"Injury to blood vessels, subsequent encounter","INJURY TO BLOOD VESSELS, SUBSEQUENT ENCOUNTER",100.0
CCSR Diagnosis Description,Antenatal screening,ANTENATAL SCREENING,100.0
CCSR Diagnosis Description,Other specified encounters and counseling,OTHER SPECIFIED CNS INFECTION AND POLIOMYELITIS,65.90909090909092
CCSR Diagnosis Description,Sequela of specified infectious disease conditions,SEQUELA OF SPECIFIED INFECTIOUS DISEASE CONDITIONS,100.0
CCSR Diagnosis Description,Suicide attempt/intentional self-harm; subsequent encounter,"AMPUTATION OF A LIMB, SUBSEQUENT ENCOUNTER",68.04123711340206
CCSR Procedure Code,ADM021,ADM021,100.0
CCSR Procedure Code,ADM019,ADM019,100.0
CCSR Procedure Code,ADM015,ADM015,100.0
CCSR Procedure Code,IMG009,IMG009,100.0
CCSR Procedure Code,PGN002,PGN002,100.0
CCSR Procedure Code,PGN003,PGN003,100.0
CCSR Procedure Code,SKB006,SKB006,100.0
CCSR Procedure Code,URN003,URN003,100.0
CCSR Procedure Code,IMG008,IMG008,100.0
CCSR Procedure Code,MRS001,MRS001,100.0
CCSR Procedure Code,CAR024,CAR024,100.0
CCSR Procedure Code,ESA004,ESA004,100.0
CCSR Procedure Code,ESA003,ESA003,100.0
CCSR Procedure Code,MST019,MST019,100.0
CCSR Procedure Code,OTR004,OTR004,100.0
CCSR Procedure Code,SUD004,SUD004,100.0
CCSR Procedure Code,ADM001,ADM001,100.0
CCSR Procedure Code,RES007,RES007,100.0
CCSR Procedure Code,MST001,MST001,100.0
CCSR Procedure Code,MAM006,MAM006,100.0
CCSR Procedure Code,ADM017,ADM017,100.0
CCSR Procedure Code,MAM011,MAM011,100.0
CCSR Procedure Code,GIS025,GIS025,100.0
CCSR Procedure Code,SKB002,SKB002,100.0
CCSR Procedure Code,URN006,URN006,100.0
CCSR Procedure Code,PGN001,PGN001,100.0
CCSR Procedure Code,MAM007,MAM007,100.0
CCSR Procedure Code,GIS017,GIS017,100.0
CCSR Procedure Code,GIS004,GIS004,100.0
CCSR Procedure Code,MAM005,MAM005,100.0
CCSR Procedure Code,ESA001,ESA001,100.0
CCSR Procedure Code,ADM016,ADM016,100.0
CCSR Procedure Code,IMG006,IMG006,100.0
CCSR Procedure Code,IMG005,IMG005,100.0
CCSR Procedure Code,HEP010,HEP010,100.0
CCSR Procedure Code,GIS026,GIS026,100.0
CCSR Procedure Code,CAR004,CAR004,100.0
CCSR Procedure Code,CAR023,CAR023,100.0
CCSR Procedure Code,MST003,MST003,100.0
CCSR Procedure Code,MHT001,MHT001,100.0
CCSR Procedure Code,GIS019,GIS019,100.0
CCSR Procedure Code,CAR002,CAR002,100.0
CCSR Procedure Code,ADM012,ADM012,100.0
CCSR Procedure Code,MST028,MST028,100.0
CCSR Procedure Code,MAM004,MAM004,100.0
CCSR Procedure Code,GNR003,GNR003,100.0
CCSR Procedure Code,GIS007,GIS007,100.0
CCSR Procedure Code,MAM010,MAM010,100.0
CCSR Procedure Code,ENT007,ENT007,100.0
CCSR Procedure Code,MST021,MST021,100.0
CCSR Procedure Code,CNS002,CNS002,100.0
CCSR Procedure Code,ENT004,ENT004,100.0
CCSR Procedure Code,ADM005,ADM005,100.0
CCSR Procedure Code,ADM010,ADM010,100.0
CCSR Procedure Code,URN002,URN002,100.0
CCSR Procedure Code,MST004,MST004,100.0
CCSR Procedure Code,ENP004,ENP004,100.0
CCSR Procedure Code,MST013,MST013,100.0
CCSR Procedure Code,EST002,EST002,100.0
CCSR Procedure Code,HEP006,HEP006,100.0
CCSR Procedure Code,MAM008,MAM008,100.0
CCSR Procedure Code,GIS006,GIS006,100.0
CCSR Procedure Code,GIS008,GIS008,100.0
CCSR Procedure Code,MST020,MST020,100.0
CCSR Procedure Code,SKB005,SKB005,100.0
CCSR Procedure Code,GIS022,GIS022,100.0
CCSR Procedure Code,ENT001,ENT001,100.0
CCSR Procedure Code,GIS020,GIS020,100.0
CCSR Procedure Code,URN011,URN011,100.0
CCSR Procedure Code,HEP008,HEP008,100.0
CCSR Procedure Code,RES001,RES001,100.0
CCSR Procedure Code,FRS006,FRS006,100.0
CCSR Procedure Code,HEP011,HEP011,100.0
CCSR Procedure Code,MST016,MST016,100.0
CCSR Procedure Code,FRS008,FRS008,100.0
CCSR Procedure Code,ADM006,ADM006,100.0
CCSR Procedure Code,MST023,MST023,100.0
CCSR Procedure Code,FRS010,FRS010,100.0
CCSR Procedure Code,ADM007,ADM007,100.0
CCSR Procedure Code,LYM008,LYM008,100.0
CCSR Procedure Code,MST010,MST010,100.0
CCSR Procedure Code,ADM014,ADM014,100.0
CCSR Procedure Code,IMG007,IMG007,100.0
CCSR Procedure Code,GIS009,GIS009,100.0
CCSR Procedure Code,URN004,URN004,100.0
CCSR Procedure Code,HEP001,HEP001,100.0
CCSR Procedure Code,RES010,RES010,100.0
CCSR Procedure Code,RES005,RES005,100.0
CCSR Procedure Code,CAR008,CAR008,100.0
CCSR Procedure Code,RES002,RES002,100.0
CCSR Procedure Code,ENT015,ENT015,100.0
CCSR Procedure Code,HEP007,HEP007,100.0
CCSR Procedure Code,URN005,URN005,100.0
CCSR Procedure Code,IMG001,IMG001,100.0
CCSR Procedure Code,SKB007,SKB007,100.0
CCSR Procedure Code,ENP005,ENP005,100.0
CCSR Procedure Code,URN012,URN012,100.0
CCSR Procedure Code,CAR021,CAR021,100.0
CCSR Procedure Code,GNR006,GNR006,100.0
CCSR Procedure Code,CAR022,CAR022,100.0
CCSR Procedure Code,PGN004,PGN004,100.0
CCSR Procedure Code,GNR004,GNR004,100.0
CCSR Procedure Code,IMG004,IMG004,100.0
CCSR Procedure Code,RHB002,RHB002,100.0
CCSR Procedure Code,ESA002,ESA002,100.0
CCSR Procedure Code,HEP009,HEP009,100.0
CCSR Procedure Code,PGN006,PGN006,100.0
CCSR Procedure Code,HEP013,HEP013,100.0
CCSR Procedure Code,MST012,MST012,100.0
CCSR Procedure Code,GNR002,GNR002,100.0
CCSR Procedure Code,CNS010,CNS010,100.0
CCSR Procedure Code,MST006,MST006,100.0
CCSR Procedure Code,MST030,MST030,100.0
CCSR Procedure Code,HEP004,HEP004,100.0
CCSR Procedure Code,ESA006,ESA006,100.0
CCSR Procedure Code,GIS001,GIS001,100.0
CCSR Procedure Code,RES014,RES014,100.0
CCSR Procedure Code,LYM007,LYM007,100.0
CCSR Procedure Code,RES003,RES003,100.0
CCSR Procedure Code,FRS001,FRS001,100.0
CCSR Procedure Code,RES011,RES011,100.0
CCSR Procedure Code,MST005,MST005,100.0
CCSR Procedure Code,GNR008,GNR008,100.0
CCSR Procedure Code,ADM018,ADM018,100.0
CCSR Procedure Code,CAR027,CAR027,100.0
CCSR Procedure Code,CAR016,CAR016,100.0
CCSR Procedure Code,FRS015,FRS015,100.0
CCSR Procedure Code,MAM001,MAM001,100.0
CCSR Procedure Code,SUD001,SUD001,100.0
CCSR Procedure Code,ADM003,ADM003,100.0
CCSR Procedure Code,NCM002,NCM002,100.0
CCSR Procedure Code,MHT002,MHT002,100.0
CCSR Procedure Code,MHT003,MHT003,100.0
CCSR Procedure Code,MRS007,MRS007,100.0
CCSR Procedure Code,ENT008,ENT008,100.0
CCSR Procedure Code,GIS002,GIS002,100.0
CCSR Procedure Code,ADM008,ADM008,100.0
CCSR Procedure Code,CAR007,CAR007,100.0
CCSR Procedure Code,MRS004,MRS004,100.0
CCSR Procedure Code,CNS004,CNS004,100.0
CCSR Procedure Code,MST009,MST009,100.0
CCSR Procedure Code,MST007,MST007,100.0
CCSR Procedure Code,HEP003,HEP003,100.0
CCSR Procedure Code,GIS016,GIS016,100.0
CCSR Procedure Code,GIS010,GIS010,100.0
CCSR Procedure Code,CAR025,CAR025,100.0
CCSR Procedure Code,CAR010,CAR010,100.0
CCSR Procedure Code,PLC001,PLC001,100.0
CCSR Procedure Code,GIS011,GIS011,100.0
CCSR Procedure Code,MST008,MST008,100.0
CCSR Procedure Code,MST015,MST015,100.0
CCSR Procedure Code,MST018,MST018,100.0
CCSR Procedure Code,GIS003,GIS003,100.0
CCSR Procedure Code,CAR026,CAR026,100.0
CCSR Procedure Code,CAR028,CAR028,100.0
CCSR Procedure Code,MST025,MST025,100.0
CCSR Procedure Code,ENT010,ENT010,100.0
CCSR Procedure Code,MST029,MST029,100.0
CCSR Procedure Code,CAR006,CAR006,100.0
CCSR Procedure Code,RES012,RES012,100.0
CCSR Procedure Code,URN008,URN008,100.0
CCSR Procedure Code,PLC002,PLC002,100.0
CCSR Procedure Code,GIS018,GIS018,100.0
CCSR Procedure Code,ESA009,ESA009,100.0
CCSR Procedure Code,MST011,MST011,100.0
CCSR Procedure Code,CAR011,CAR011,100.0
CCSR Procedure Code,GIS021,GIS021,100.0
CCSR Procedure Code,CAR029,CAR029,100.0
CCSR Procedure Code,MRS003,MRS003,100.0
CCSR Procedure Code,MST002,MST002,100.0
CCSR Procedure Code,GIS027,GIS027,100.0
CCSR Procedure Code,MAM015,MAM015,100.0
CCSR Procedure Code,CAR018,CAR018,100.0
CCSR Procedure Code,LYM003,LYM003,100.0
CCSR Procedure Code,PNS001,PNS001,100.0
CCSR Procedure Code,LYM002,LYM002,100.0
CCSR Procedure Code,CAR015,CAR015,100.0
CCSR Procedure Code,FRS002,FRS002,100.0
CCSR Procedure Code,PGN009,PGN009,100.0
CCSR Procedure Code,HEP005,HEP005,100.0
CCSR Procedure Code,ADM011,ADM011,100.0
CCSR Procedure Code,CNS007,CNS007,100.0
CCSR Procedure Code,CAR003,CAR003,100.0
CCSR Procedure Code,FRS007,FRS007,100.0
CCSR Procedure Code,MRS002,MRS002,100.0
CCSR Procedure Code,ADM002,ADM002,100.0
CCSR Procedure Code,ESA005,ESA005,100.0
CCSR Procedure Code,GIS005,GIS005,100.0
CCSR Procedure Code,ADM013,ADM013,100.0
CCSR Procedure Code,CNS006,CNS006,100.0
CCSR Procedure Code,SKB001,SKB001,100.0
CCSR Procedure Code,SKB010,SKB010,100.0
CCSR Procedure Code,PGN008,PGN008,100.0
CCSR Procedure Code,ENT003,ENT003,100.0
CCSR Procedure Code,CNS008,CNS008,100.0
CCSR Procedure Code,IMG002,IMG002,100.0
CCSR Procedure Code,CNS012,CNS012,100.0
CCSR Procedure Code,CAR001,CAR001,100.0
CCSR Procedure Code,MAM009,MAM009,100.0
CCSR Procedure Code,SUD002,SUD002,100.0
CCSR Procedure Code,GIS029,GIS029,100.0
CCSR Procedure Code,NCM001,NCM001,100.0
CCSR Procedure Code,URN009,URN009,100.0
CCSR Procedure Code,ENT013,ENT013,100.0
CCSR Procedure Code,MST022,MST022,100.0
CCSR Procedure Code,RHB001,RHB001,100.0
CCSR Procedure Code,GIS024,GIS024,100.0
CCSR Procedure Code,MHT005,MHT005,100.0
CCSR Procedure Code,MST024,MST024,100.0
CCSR Procedure Code,CAR017,CAR017,100.0
CCSR Procedure Code,SUD003,SUD003,100.0
CCSR Procedure Code,MST014,MST014,100.0
CCSR Procedure Code,CAR012,CAR012,100.0
CCSR Procedure Code,OTR001,OTR001,100.0
CCSR Procedure Code,PGN007,PGN007,100.0
CCSR Procedure Code,LYM001,LYM001,100.0
CCSR Procedure Code,RES004,RES004,100.0
CCSR Procedure Code,FRS009,FRS009,100.0
CCSR Procedure Code,URN007,URN007,100.0
CCSR Procedure Code,CNS009,CNS009,100.0
CCSR Procedure Code,RES008,RES008,100.0
CCSR Procedure Code,MAM003,MAM003,100.0
CCSR Procedure Code,EYP001,EYP001,100.0
CCSR Procedure Code,CAR009,CAR009,100.0
CCSR Procedure Code,GIS012,GIS012,100.0
CCSR Procedure Code,PNS004,PNS004,100.0
CCSR Procedure Code,CNS013,CNS013,100.0
CCSR Procedure Code,EST003,EST003,100.0
CCSR Procedure Code,HEP002,HEP002,100.0
CCSR Procedure Code,ENT012,ENT012,100.0
CCSR Procedure Code,SKB003,SKB003,100.0
CCSR Procedure Code,CAR014,CAR014,100.0
CCSR Procedure Code,CNS001,CNS001,100.0
CCSR Procedure Code,MAM013,MAM013,100.0
CCSR Procedure Code,CAR013,CAR013,100.0
CCSR Procedure Code,URN001,URN001,100.0
CCSR Procedure Code,SKB004,SKB004,100.0
CCSR Procedure Code,URN010,URN010,100.0
CCSR Procedure Code,CNS014,CNS014,100.0
CCSR Procedure Code,ENP002,ENP002,100.0
CCSR Procedure Code,GNR001,GNR001,100.0
CCSR Procedure Code,SKB008,SKB008,100.0
CCSR Procedure Code,ENT002,ENT002,100.0
CCSR Procedure Code,GNR007,GNR007,100.0
CCSR Procedure Code,EST001,EST001,100.0
CCSR Procedure Code,RES009,RES009,100.0
CCSR Procedure Code,MST017,MST017,100.0
CCSR Procedure Code,RES006,RES006,100.0
CCSR Procedure Code,ADM004,ADM004,100.0
CCSR Procedure Code,GIS013,GIS013,100.0
CCSR Procedure Code,ADM022,ADM022,100.0
CCSR Procedure Code,ENT006,ENT006,100.0
CCSR Procedure Code,FRS011,FRS011,100.0
CCSR Procedure Code,CAR005,CAR005,100.0
CCSR Procedure Code,ENT014,ENT014,100.0
CCSR Procedure Code,CNS003,CNS003,100.0
CCSR Procedure Code,ENT005,ENT005,100.0
CCSR Procedure Code,RAD001,RAD001,100.0
CCSR Procedure Code,GNR005,GNR005,100.0
CCSR Procedure Code,SKB009,SKB009,100.0
CCSR Procedure Code,ESA007,ESA007,100.0
CCSR Procedure Code,CNS011,CNS011,100.0
CCSR Procedure Code,ENT017,ENT017,100.0
CCSR Procedure Code,PNS003,PNS003,100.0
CCSR Procedure Code,ADM020,ADM020,100.0
CCSR Procedure Code,CAR020,CAR020,100.0
CCSR Procedure Code,IMG003,IMG003,100.0
CCSR Procedure Code,FRS005,FRS005,100.0
CCSR Procedure Code,CAR019,CAR019,100.0
CCSR Procedure Code,CNS005,CNS005,100.0
CCSR Procedure Code,GIS014,GIS014,100.0
CCSR Procedure Code,GIS028,GIS028,100.0
CCSR Procedure Code,GIS015,GIS015,100.0
CCSR Procedure Code,LYM004,LYM004,100.0
CCSR Procedure Code,ENP003,ENP003,100.0
CCSR Procedure Code,MAM012,MAM012,100.0
CCSR Procedure Code,EST004,EST004,100.0
CCSR Procedure Code,ENT011,ENT011,100.0
CCSR Procedure Code,RAD004,RAD004,100.0
CCSR Procedure Code,PNS002,PNS002,100.0
CCSR Procedure Code,ENP001,ENP001,100.0
CCSR Procedure Code,ESA008,ESA008,100.0
CCSR Procedure Code,ENT009,ENT009,100.0
CCSR Procedure Code,PGN005,PGN005,100.0
CCSR Procedure Code,NCM004,NCM004,100.0
CCSR Procedure Code,RHB003,RHB003,100.0
CCSR Procedure Code,NCM003,NCM003,100.0
CCSR Procedure Code,FRS003,FRS003,100.0
CCSR Procedure Code,MHT004,MHT004,100.0
CCSR Procedure Code,RAD002,RAD002,100.0
CCSR Procedure Code,FRS012,FRS012,100.0
CCSR Procedure Code,PNS005,PNS005,100.0
CCSR Procedure Code,LYM005,LYM005,100.0
CCSR Procedure Code,ADM009,ADM009,100.0
CCSR Procedure Code,EYP002,EYP002,100.0
CCSR Procedure Code,MST026,MST026,100.0
CCSR Procedure Code,OTR002,OTR002,100.0
CCSR Procedure Code,LYM011,LYM011,100.0
CCSR Procedure Code,RES013,RES013,100.0
CCSR Procedure Code,FRS013,FRS013,100.0
CCSR Procedure Code,GNR009,GNR009,100.0
CCSR Procedure Code,ESA011,ESA011,100.0
CCSR Procedure Code,LYM006,LYM006,100.0
CCSR Procedure Code,MRS005,MRS005,100.0
CCSR Procedure Code,FRS004,FRS004,100.0
CCSR Procedure Code,RHB004,RHB004,100.0
CCSR Procedure Code,PNS006,PNS006,100.0
CCSR Procedure Code,GNR010,GNR010,100.0
CCSR Procedure Code,ESA010,ESA010,100.0
CCSR Procedure Code,MAM014,MAM014,100.0
CCSR Procedure Code,MAM002,MAM002,100.0
CCSR Procedure Code,ENP006,ENP006,100.0
CCSR Procedure Code,RAD003,RAD003,100.0
CCSR Procedure Code,HEP012,HEP012,100.0
CCSR Procedure Code,EST005,EST005,100.0
CCSR Procedure Code,IMG010,IMG010,100.0
CCSR Procedure Code,OST001,OST001,100.0
CCSR Procedure Code,OTR005,OTR005,100.0
CCSR Procedure Code,GIS023,GIS023,100.0
CCSR Procedure Code,ENT016,ENT014,83.33333333333334
CCSR Procedure Description,"ADMINISTRATION OF THERAPEUTIC SUBSTANCES, NEC","ADMINISTRATION OF THERAPEUTIC SUBSTANCES, NEC",100.0
CCSR Procedure Description,POTENTIAL COVID-19 THERAPIES,POTENTIAL COVID-19 THERAPIES,100.0
CCSR Procedure Description,ADMINISTRATION OF ANTIBIOTICS,ADMINISTRATION OF ANTIBIOTICS,100.0
CCSR Procedure Description,PLAIN RADIOGRAPHY,PLAIN RADIOGRAPHY,100.0
CCSR Procedure Description,SPONTANEOUS VAGINAL DELIVERY,SPONTANEOUS VAGINAL DELIVERY,100.0
CCSR Procedure Description,CESAREAN SECTION,CESAREAN SECTION,100.0
CCSR Procedure Description,SKIN LACERATION REPAIR (EXCLUDING PERINEUM),SKIN LACERATION REPAIR (EXCLUDING PERINEUM),100.0
CCSR Procedure Description,URETER AND OTHER URINARY TRACT DILATION,URETER AND OTHER URINARY TRACT DILATION,100.0
CCSR Procedure Description,ULTRASONOGRAPHY,ULTRASONOGRAPHY,100.0
CCSR Procedure Description,CIRCUMCISION,CIRCUMCISION,100.0
CCSR Procedure Description,VENOUS AND ARTERIAL CATHETER PLACEMENT,VENOUS AND ARTERIAL CATHETER PLACEMENT,100.0
CCSR Procedure Description,NON-INVASIVE VENTILATION,NON-INVASIVE VENTILATION,100.0
CCSR Procedure Description,MECHANICAL VENTILATION,MECHANICAL VENTILATION,100.0
CCSR Procedure Description,"MUSCLE, TENDON, BURSA, AND LIGAMENT EXCISION","MUSCLE, TENDON, BURSA, AND LIGAMENT EXCISION",100.0
CCSR Procedure Description,ISOLATION PROCEDURES,ISOLATION PROCEDURES,100.0
CCSR Procedure Description,COUNSELING FOR SUBSTANCE USE,COUNSELING FOR SUBSTANCE USE,100.0
CCSR Procedure Description,TRANSFUSION OF BLOOD AND BLOOD PRODUCTS,TRANSFUSION OF BLOOD AND BLOOD PRODUCTS,100.0
CCSR Procedure Description,AIRWAY INTUBATION,AIRWAY INTUBATION,100.0
CCSR Procedure Description,ARTHROCENTESIS,ARTHROCENTESIS,100.0
CCSR Procedure Description,PACEMAKER AND DEFIBRILLATOR INTERROGATION,PACEMAKER AND DEFIBRILLATOR INTERROGATION,100.0
CCSR Procedure Description,ADMINISTRATION OF NUTRITIONAL AND ELECTROLYTIC SUBSTANCES,ADMINISTRATION OF NUTRITIONAL AND ELECTROLYTIC SUBSTANCES,100.0
CCSR Procedure Description,ELECTROENCEPHALOGRAM (EEG),ELECTROENCEPHALOGRAM (EEG),100.0
CCSR Procedure Description,OTHER GI SYSTEM DEVICE PROCEDURES,OTHER GI SYSTEM DEVICE PROCEDURES,100.0
CCSR Procedure Description,INCISION AND DRAINAGE OF SKIN,INCISION AND DRAINAGE OF SKIN,100.0
CCSR Procedure Description,BLADDER CATHETERIZATION AND DRAINAGE,BLADDER CATHETERIZATION AND DRAINAGE,100.0
CCSR Procedure Description,FETAL HEART RATE MONITORING,FETAL HEART RATE MONITORING,100.0
CCSR Procedure Description,ELECTROCARDIOGRAM (ECG),ELECTROCARDIOGRAM (ECG),100.0
CCSR Procedure Description,GASTROSTOMY,GASTROSTOMY,100.0
CCSR Procedure Description,GI SYSTEM ENDOSCOPY WITHOUT BIOPSY (DIAGNOSTIC),GI SYSTEM ENDOSCOPY WITHOUT BIOPSY (DIAGNOSTIC),100.0
CCSR Procedure Description,MEASUREMENT DURING CARDIAC CATHETERIZATION,MEASUREMENT DURING CARDIAC CATHETERIZATION,100.0
CCSR Procedure Description,HEMODIALYSIS,HEMODIALYSIS,100.0
CCSR Procedure Description,ADMINISTRATION OF ANTI-INFLAMMATORY AGENTS,ADMINISTRATION OF ANTI-INFLAMMATORY AGENTS,100.0
CCSR Procedure Description,COMPUTERIZED TOMOGRAPHY (CT) WITH CONTRAST,COMPUTERIZED TOMOGRAPHY (CT) WITH CONTRAST,100.0
CCSR Procedure Description,MAGNETIC RESONANCE IMAGING (MRI),MAGNETIC RESONANCE IMAGING (MRI),100.0
CCSR Procedure Description,HEPATOBILIARY AND PANCREATIC DRAINAGE,HEPATOBILIARY AND PANCREATIC DRAINAGE,100.0
CCSR Procedure Description,"UPPER GI THERAPEUTIC PROCEDURES, NEC (OPEN AND LAPAROSCOPIC)","UPPER GI THERAPEUTIC PROCEDURES, NEC (OPEN AND LAPAROSCOPIC)",100.0
CCSR Procedure Description,PERCUTANEOUS CORONARY INTERVENTIONS (PCI),PERCUTANEOUS CORONARY INTERVENTIONS (PCI),100.0
CCSR Procedure Description,HEART VALVE REPLACEMENT AND OTHER VALVE PROCEDURES (ENDOVASCULAR),HEART VALVE REPLACEMENT AND OTHER VALVE PROCEDURES (ENDOVASCULAR),100.0
CCSR Procedure Description,"SUBCUTANEOUS TISSUE, FASCIA, AND MUSCLE BIOPSY","SUBCUTANEOUS TISSUE, FASCIA, AND MUSCLE BIOPSY",100.0
CCSR Procedure Description,PHARMACOTHERAPY FOR MENTAL HEALTH (EXCLUDING SUBSTANCE USE),PHARMACOTHERAPY FOR MENTAL HEALTH (EXCLUDING SUBSTANCE USE),100.0
CCSR Procedure Description,GASTRO-JEJUNAL BYPASS (INCLUDING BARIATRIC),GASTRO-JEJUNAL BYPASS (INCLUDING BARIATRIC),100.0
CCSR Procedure Description,HEART CONDUCTION MECHANISM PROCEDURES,HEART CONDUCTION MECHANISM PROCEDURES,100.0
CCSR Procedure Description,CHEMOTHERAPY,CHEMOTHERAPY,100.0
CCSR Procedure Description,"SUBCUTANEOUS TISSUE AND FASCIA PROCEDURES, NEC","SUBCUTANEOUS TISSUE AND FASCIA PROCEDURES, NEC",100.0
CCSR Procedure Description,CARDIAC STRESS TESTS,CARDIAC STRESS TESTS,100.0
CCSR Procedure Description,INGUINAL AND FEMORAL HERNIA REPAIR,INGUINAL AND FEMORAL HERNIA REPAIR,100.0
CCSR Procedure Description,GI SYSTEM DRAINAGE (EXCLUDING PARACENTESIS),GI SYSTEM DRAINAGE (EXCLUDING PARACENTESIS),100.0
CCSR Procedure Description,OTHER CARDIOVASCULAR SYSTEM MEASUREMENT AND MONITORING,OTHER CARDIOVASCULAR SYSTEM MEASUREMENT AND MONITORING,100.0
CCSR Procedure Description,TONSILECTOMY AND ADENOIDECTOMY,TONSILECTOMY AND ADENOIDECTOMY,100.0
CCSR Procedure Description,PERINEAL MUSCLE LACERATION REPAIR (2ND DEGREE OBSTETRICAL AND OTHER),PERINEAL MUSCLE LACERATION REPAIR (2ND DEGREE OBSTETRICAL AND OTHER),100.0
CCSR Procedure Description,LUMBAR PUNCTURE,LUMBAR PUNCTURE,100.0
CCSR Procedure Description,DIAGNOSTIC AUDIOLOGY,DIAGNOSTIC AUDIOLOGY,100.0
CCSR Procedure Description,ADMINISTRATION OF THROMBOLYTICS AND PLATELET INHIBITORS,ADMINISTRATION OF THROMBOLYTICS AND PLATELET INHIBITORS,100.0
CCSR Procedure Description,VACCINATIONS,VACCINATIONS,100.0
CCSR Procedure Description,KIDNEY AND OTHER URINARY TRACT BIOPSY (NON-ENDOSCOPIC),KIDNEY AND OTHER URINARY TRACT BIOPSY (NON-ENDOSCOPIC),100.0
CCSR Procedure Description,INCISION AND DRAINAGE OF MUSCULOSKELETAL TISSUE AND JOINTS,INCISION AND DRAINAGE OF MUSCULOSKELETAL TISSUE AND JOINTS,100.0
CCSR Procedure Description,ADRENALECTOMY,ADRENALECTOMY,100.0
CCSR Procedure Description,SPINE FUSION,SPINE FUSION,100.0
CCSR Procedure Description,PHOTOTHERAPY,PHOTOTHERAPY,100.0
CCSR Procedure Description,CHOLECYSTECTOMY,CHOLECYSTECTOMY,100.0
CCSR Procedure Description,CARDIAC MONITORING,CARDIAC MONITORING,100.0
CCSR Procedure Description,PARACENTESIS,PARACENTESIS,100.0
CCSR Procedure Description,APPENDECTOMY,APPENDECTOMY,100.0
CCSR Procedure Description,SUBCUTANEOUS TISSUE AND FASCIA EXCISION,SUBCUTANEOUS TISSUE AND FASCIA EXCISION,100.0
CCSR Procedure Description,PERINEAL SKIN REPAIR (1ST DEGREE OBSTETRICAL AND OTHER),PERINEAL SKIN REPAIR (1ST DEGREE OBSTETRICAL AND OTHER),100.0
CCSR Procedure Description,GI SYSTEM LYSIS OF ADHESIONS,GI SYSTEM LYSIS OF ADHESIONS,100.0
CCSR Procedure Description,LARYNGOSCOPY (DIAGNOSTIC),LARYNGOSCOPY (DIAGNOSTIC),100.0
CCSR Procedure Description,ANORECTAL REPAIR (3RD AND 4TH DEGREE OBSTETRICAL REPAIRS AND OTHER),ANORECTAL REPAIR (3RD AND 4TH DEGREE OBSTETRICAL REPAIRS AND OTHER),100.0
CCSR Procedure Description,KIDNEY TRANSPLANT,KIDNEY TRANSPLANT,100.0
CCSR Procedure Description,COMMON BILE DUCT SPHINCTEROTOMY AND STENTING,COMMON BILE DUCT SPHINCTEROTOMY AND STENTING,100.0
CCSR Procedure Description,BRONCHOSCOPY (DIAGNOSTIC),BRONCHOSCOPY (DIAGNOSTIC),100.0
CCSR Procedure Description,VULVAR LACERATION REPAIR,VULVAR LACERATION REPAIR,100.0
CCSR Procedure Description,LIVER TRANSPLANT,LIVER TRANSPLANT,100.0
CCSR Procedure Description,VERTEBRAL DISCECTOMY,VERTEBRAL DISCECTOMY,100.0
CCSR Procedure Description,CERVICAL DILATION,CERVICAL DILATION,100.0
CCSR Procedure Description,INFUSION OF VASOPRESSOR,INFUSION OF VASOPRESSOR,100.0
CCSR Procedure Description,TOE AND MID FOOT AMPUTATION,TOE AND MID FOOT AMPUTATION,100.0
CCSR Procedure Description,FEMALE UPPER GENITAL TRACT EXCISION,FEMALE UPPER GENITAL TRACT EXCISION,100.0
CCSR Procedure Description,INTRAVENOUS INDUCTION OF LABOR,INTRAVENOUS INDUCTION OF LABOR,100.0
CCSR Procedure Description,BONE MARROW ASPIRATION (THERAPEUTIC),BONE MARROW ASPIRATION (THERAPEUTIC),100.0
CCSR Procedure Description,FEMUR FIXATION,FEMUR FIXATION,100.0
CCSR Procedure Description,REGIONAL ANESTHESIA,REGIONAL ANESTHESIA,100.0
CCSR Procedure Description,COMPUTERIZED TOMOGRAPHY (CT) WITHOUT CONTRAST,COMPUTERIZED TOMOGRAPHY (CT) WITHOUT CONTRAST,100.0
CCSR Procedure Description,COLECTOMY,COLECTOMY,100.0
CCSR Procedure Description,REMOVAL OF CALCULI AND OTHER MATTER FROM URINARY TRACT,REMOVAL OF CALCULI AND OTHER MATTER FROM URINARY TRACT,100.0
CCSR Procedure Description,LIVER BIOPSY,LIVER BIOPSY,100.0
CCSR Procedure Description,TRACHEOSTOMY,TRACHEOSTOMY,100.0
CCSR Procedure Description,CHEST TUBE PLACEMENT AND THERAPEUTIC THORACENTESIS,CHEST TUBE PLACEMENT AND THERAPEUTIC THORACENTESIS,100.0
CCSR Procedure Description,ANGIOPLASTY AND RELATED VESSEL PROCEDURES (ENDOVASCULAR; EXCLUDING CAROTID),ANGIOPLASTY AND RELATED VESSEL PROCEDURES (ENDOVASCULAR; EXCLUDING CAROTID),100.0
CCSR Procedure Description,"LUNG, PLEURA, OR DIAPHRAGM BIOPSY (NON-ENDOSCOPIC)","LUNG, PLEURA, OR DIAPHRAGM BIOPSY (NON-ENDOSCOPIC)",100.0
CCSR Procedure Description,DENTAL PROCEDURES,DENTAL PROCEDURES,100.0
CCSR Procedure Description,BILIARY AND PANCREATIC CALCULUS REMOVAL,BILIARY AND PANCREATIC CALCULUS REMOVAL,100.0
CCSR Procedure Description,NEPHROSTOMY AND URETEROSTOMY PROCEDURES (INCLUDING STENTS),NEPHROSTOMY AND URETEROSTOMY PROCEDURES (INCLUDING STENTS),100.0
CCSR Procedure Description,CARDIAC AND CORONARY FLUOROSCOPY,CARDIAC AND CORONARY FLUOROSCOPY,100.0
CCSR Procedure Description,SKIN GRAFT,SKIN GRAFT,100.0
CCSR Procedure Description,PITUITARY GLAND RESECTION,PITUITARY GLAND RESECTION,100.0
CCSR Procedure Description,"URINARY SYSTEM PROCEDURES, NEC","URINARY SYSTEM PROCEDURES, NEC",100.0
CCSR Procedure Description,"ARTERY, VEIN, AND GREAT VESSEL PROCEDURES, NEC","ARTERY, VEIN, AND GREAT VESSEL PROCEDURES, NEC",100.0
CCSR Procedure Description,"CHEST WALL PROCEDURES, NEC","CHEST WALL PROCEDURES, NEC",100.0
CCSR Procedure Description,HEART VALVE REPLACEMENT AND OTHER VALVE PROCEDURES (NON-ENDOVASCULAR),HEART VALVE REPLACEMENT AND OTHER VALVE PROCEDURES (NON-ENDOVASCULAR),100.0
CCSR Procedure Description,ASSISTED VAGINAL DELIVERY,ASSISTED VAGINAL DELIVERY,100.0
CCSR Procedure Description,ENDOSCOPIC CONTROL OF BLEEDING,ENDOSCOPIC CONTROL OF BLEEDING,100.0
CCSR Procedure Description,FLUOROSCOPY OF NON-CIRCULATORY ORGANS,FLUOROSCOPY OF NON-CIRCULATORY ORGANS,100.0
CCSR Procedure Description,"PHYSICAL, OCCUPATIONAL, AND RESPIRATORY THERAPY TREATMENT","PHYSICAL, OCCUPATIONAL, AND RESPIRATORY THERAPY TREATMENT",100.0
CCSR Procedure Description,EXTRACORPOREAL MEMBRANE OXYGENATION,EXTRACORPOREAL MEMBRANE OXYGENATION,100.0
CCSR Procedure Description,PANCREATIC AND PROXIMAL BILIARY DILATION AND STENTING,PANCREATIC AND PROXIMAL BILIARY DILATION AND STENTING,100.0
CCSR Procedure Description,REMOVAL OF PLACENTA AND OTHER RETAINED PRODUCTS OF CONCEPTION,REMOVAL OF PLACENTA AND OTHER RETAINED PRODUCTS OF CONCEPTION,100.0
CCSR Procedure Description,"HEPATOBILIARY AND PANCREATIC PROCEDURES, NEC","HEPATOBILIARY AND PANCREATIC PROCEDURES, NEC",100.0
CCSR Procedure Description,BONE FIXATION (EXCLUDING EXTREMITIES),BONE FIXATION (EXCLUDING EXTREMITIES),100.0
CCSR Procedure Description,ABDOMINAL WALL REPAIR (INCLUDING HERNIA),ABDOMINAL WALL REPAIR (INCLUDING HERNIA),100.0
CCSR Procedure Description,CEREBROSPINAL FLUID SHUNT PROCEDURES,CEREBROSPINAL FLUID SHUNT PROCEDURES,100.0
CCSR Procedure Description,KNEE ARTHROPLASTY,KNEE ARTHROPLASTY,100.0
CCSR Procedure Description,"MUSCULOSKELETAL PROCEDURES, NEC","MUSCULOSKELETAL PROCEDURES, NEC",100.0
CCSR Procedure Description,HEPATOBILIARY RESECTION AND ABLATION,HEPATOBILIARY RESECTION AND ABLATION,100.0
CCSR Procedure Description,CARDIOVERSION,CARDIOVERSION,100.0
CCSR Procedure Description,ESOPHAGOGASTRODUODENOSCOPY (EGD) WITH BIOPSY,ESOPHAGOGASTRODUODENOSCOPY (EGD) WITH BIOPSY,100.0
CCSR Procedure Description,"RESPIRATORY SYSTEM PROCEDURES, NEC","RESPIRATORY SYSTEM PROCEDURES, NEC",100.0
CCSR Procedure Description,BONE MARROW BIOPSY,BONE MARROW BIOPSY,100.0
CCSR Procedure Description,THORACENTESIS (DIAGNOSTIC),THORACENTESIS (DIAGNOSTIC),100.0
CCSR Procedure Description,HYSTERECTOMY,HYSTERECTOMY,100.0
CCSR Procedure Description,DIAPHRAGMATIC HERNIA REPAIR,DIAPHRAGMATIC HERNIA REPAIR,100.0
CCSR Procedure Description,INCISION AND DRAINAGE OF SUBCUTANEOUS TISSUE AND FASCIA,INCISION AND DRAINAGE OF SUBCUTANEOUS TISSUE AND FASCIA,100.0
CCSR Procedure Description,"ABDOMINAL WALL PROCEDURES, NEC","ABDOMINAL WALL PROCEDURES, NEC",100.0
CCSR Procedure Description,IRRIGATION (DIAGNOSTIC AND THERAPEUTIC),IRRIGATION (DIAGNOSTIC AND THERAPEUTIC),100.0
CCSR Procedure Description,HEART ASSIST DEVICE PROCEDURES,HEART ASSIST DEVICE PROCEDURES,100.0
CCSR Procedure Description,PORTAL AND OTHER VENOUS BYPASS PROCEDURES,PORTAL AND OTHER VENOUS BYPASS PROCEDURES,100.0
CCSR Procedure Description,"FEMALE REPRODUCTIVE SYSTEM PROCEDURES, NEC","FEMALE REPRODUCTIVE SYSTEM PROCEDURES, NEC",100.0
CCSR Procedure Description,ARTERIAL OXYGEN SATURATION MONITORING,ARTERIAL OXYGEN SATURATION MONITORING,100.0
CCSR Procedure Description,SUBSTANCE USE DETOXIFICATION,SUBSTANCE USE DETOXIFICATION,100.0
CCSR Procedure Description,ADMINISTRATION OF ALBUMIN AND GLOBULIN,ADMINISTRATION OF ALBUMIN AND GLOBULIN,100.0
CCSR Procedure Description,TOMOGRAPHIC NUCLEAR MEDICINE IMAGING,TOMOGRAPHIC NUCLEAR MEDICINE IMAGING,100.0
CCSR Procedure Description,PSYCHOTHERAPY FOR MENTAL HEALTH (EXCLUDING SUBSTANCE USE),PSYCHOTHERAPY FOR MENTAL HEALTH (EXCLUDING SUBSTANCE USE),100.0
CCSR Procedure Description,ELECTROCONVULSIVE THERAPY,ELECTROCONVULSIVE THERAPY,100.0
CCSR Procedure Description,"MALE REPRODUCTIVE SYSTEM PROCEDURES, NEC","MALE REPRODUCTIVE SYSTEM PROCEDURES, NEC",100.0
CCSR Procedure Description,NASAL AND SINUS EXCISION,NASAL AND SINUS EXCISION,100.0
CCSR Procedure Description,COLONOSCOPY AND PROCTOSCOPY WITH BIOPSY,COLONOSCOPY AND PROCTOSCOPY WITH BIOPSY,100.0
CCSR Procedure Description,CERVICAL RIPENING,CERVICAL RIPENING,100.0
CCSR Procedure Description,"EMBOLECTOMY, ENDARTERECTOMY, AND RELATED VESSEL PROCEDURES (NON-ENDOVASCULAR; EXCLUDING CAROTID)","EMBOLECTOMY, ENDARTERECTOMY, AND RELATED VESSEL PROCEDURES (NON-ENDOVASCULAR; EXCLUDING CAROTID)",100.0
CCSR Procedure Description,PROSTATE AND SEMINAL VESICLE PROCEDURES (EXCLUDING PROSTATECTOMY),PROSTATE AND SEMINAL VESICLE PROCEDURES (EXCLUDING PROSTATECTOMY),100.0
CCSR Procedure Description,INTRACRANIAL EPIDURAL AND SUBDURAL SPACE DRAINAGE,INTRACRANIAL EPIDURAL AND SUBDURAL SPACE DRAINAGE,100.0
CCSR Procedure Description,FIXATION OF UPPER EXTREMITY BONES,FIXATION OF UPPER EXTREMITY BONES,100.0
CCSR Procedure Description,HIP ARTHROPLASTY,HIP ARTHROPLASTY,100.0
CCSR Procedure Description,DIAGNOSTIC ERCP WITH OR WITHOUT BIOPSY,DIAGNOSTIC ERCP WITH OR WITHOUT BIOPSY,100.0
CCSR Procedure Description,GI SYSTEM ENDOSCOPIC THERAPEUTIC PROCEDURES,GI SYSTEM ENDOSCOPIC THERAPEUTIC PROCEDURES,100.0
CCSR Procedure Description,GASTRECTOMY,GASTRECTOMY,100.0
CCSR Procedure Description,PLACEMENT OF TUNNELED OR IMPLANTABLE PORTION OF A VASCULAR ACCESS DEVICE,PLACEMENT OF TUNNELED OR IMPLANTABLE PORTION OF A VASCULAR ACCESS DEVICE,100.0
CCSR Procedure Description,LIGATION AND EMBOLIZATION OF VESSELS,LIGATION AND EMBOLIZATION OF VESSELS,100.0
CCSR Procedure Description,IMMOBILIZATION BY SPLINT OR OTHER EXTERNAL DEVICE,IMMOBILIZATION BY SPLINT OR OTHER EXTERNAL DEVICE,100.0
CCSR Procedure Description,SMALL BOWEL RESECTION,SMALL BOWEL RESECTION,100.0
CCSR Procedure Description,ARTHROPLASTY OF OTHER JOINT (EXCLUDING KNEE AND HIP),ARTHROPLASTY OF OTHER JOINT (EXCLUDING KNEE AND HIP),100.0
CCSR Procedure Description,CLOSED REDUCTION OF BONES AND JOINTS,CLOSED REDUCTION OF BONES AND JOINTS,100.0
CCSR Procedure Description,BONE EXCISION,BONE EXCISION,100.0
CCSR Procedure Description,GI SYSTEM BIOPSY (NON-ENDOSCOPIC),GI SYSTEM BIOPSY (NON-ENDOSCOPIC),100.0
CCSR Procedure Description,PACEMAKER AND DEFIBRILLATOR PROCEDURES,PACEMAKER AND DEFIBRILLATOR PROCEDURES,100.0
CCSR Procedure Description,INFERIOR VENA CAVA (IVC) FILTER PROCEDURES,INFERIOR VENA CAVA (IVC) FILTER PROCEDURES,100.0
CCSR Procedure Description,ABOVE KNEE AND OTHER PROXIMAL LOWER EXTREMITY AMPUTATION,ABOVE KNEE AND OTHER PROXIMAL LOWER EXTREMITY AMPUTATION,100.0
CCSR Procedure Description,SALIVARY GLAND EXCISION,SALIVARY GLAND EXCISION,100.0
CCSR Procedure Description,"MUSCULOSKELETAL DEVICE PROCEDURES, NEC","MUSCULOSKELETAL DEVICE PROCEDURES, NEC",100.0
CCSR Procedure Description,CAROTID ENDARTERECTOMY AND STENTING,CAROTID ENDARTERECTOMY AND STENTING,100.0
CCSR Procedure Description,RELEASE OF LUNG AND PLEURA,RELEASE OF LUNG AND PLEURA,100.0
CCSR Procedure Description,NEPHRECTOMY AND URETERECTOMY,NEPHRECTOMY AND URETERECTOMY,100.0
CCSR Procedure Description,PACKING AND DRESSING PROCEDURES,PACKING AND DRESSING PROCEDURES,100.0
CCSR Procedure Description,ILEOSTOMY AND COLOSTOMY,ILEOSTOMY AND COLOSTOMY,100.0
CCSR Procedure Description,CARDIAC ASSISTANCE WITH BALLOON PUMP,CARDIAC ASSISTANCE WITH BALLOON PUMP,100.0
CCSR Procedure Description,FIXATION OF LEG AND FOOT BONES,FIXATION OF LEG AND FOOT BONES,100.0
CCSR Procedure Description,ANEURYSM REPAIR PROCEDURES,ANEURYSM REPAIR PROCEDURES,100.0
CCSR Procedure Description,GI SYSTEM REPAIR (EXCLUDING ANORECTAL),GI SYSTEM REPAIR (EXCLUDING ANORECTAL),100.0
CCSR Procedure Description,"CARDIOVASCULAR DEVICE PROCEDURES, NEC","CARDIOVASCULAR DEVICE PROCEDURES, NEC",100.0
CCSR Procedure Description,PROSTATECTOMY,PROSTATECTOMY,100.0
CCSR Procedure Description,BONE AND JOINT BIOPSY,BONE AND JOINT BIOPSY,100.0
CCSR Procedure Description,"UPPER GI THERAPEUTIC PROCEDURES, NEC (ENDOSCOPIC)","UPPER GI THERAPEUTIC PROCEDURES, NEC (ENDOSCOPIC)",100.0
CCSR Procedure Description,"MEASUREMENT AND MONITORING, NEC","MEASUREMENT AND MONITORING, NEC",100.0
CCSR Procedure Description,HEART TRANSPLANT,HEART TRANSPLANT,100.0
CCSR Procedure Description,LYMPH NODE DISSECTION,LYMPH NODE DISSECTION,100.0
CCSR Procedure Description,LUMBOSACRAL NERVE DECOMPRESSION,LUMBOSACRAL NERVE DECOMPRESSION,100.0
CCSR Procedure Description,LYMPH NODE EXCISION (THERAPEUTIC),LYMPH NODE EXCISION (THERAPEUTIC),100.0
CCSR Procedure Description,PERIPHERAL ARTERIOVENOUS FISTULA AND SHUNT PROCEDURES,PERIPHERAL ARTERIOVENOUS FISTULA AND SHUNT PROCEDURES,100.0
CCSR Procedure Description,OOPHORECTOMY,OOPHORECTOMY,100.0
CCSR Procedure Description,"PREGNANCY AND FETAL PROCEDURES, NEC","PREGNANCY AND FETAL PROCEDURES, NEC",100.0
CCSR Procedure Description,PANCREATECTOMY,PANCREATECTOMY,100.0
CCSR Procedure Description,"ADMINISTRATION AND TRANSFUSION OF BONE MARROW, STEM CELLS, PANCREATIC ISLET CELLS, AND T-CELLS","ADMINISTRATION AND TRANSFUSION OF BONE MARROW, STEM CELLS, PANCREATIC ISLET CELLS, AND T-CELLS",100.0
CCSR Procedure Description,CNS EXCISION PROCEDURES,CNS EXCISION PROCEDURES,100.0
CCSR Procedure Description,CORONARY ARTERY BYPASS GRAFTS (CABG),CORONARY ARTERY BYPASS GRAFTS (CABG),100.0
CCSR Procedure Description,FEMALE GENITAL TRACT REPAIR (EXCLUDING VULVA),FEMALE GENITAL TRACT REPAIR (EXCLUDING VULVA),100.0
CCSR Procedure Description,PENIS PROCEDURES (EXCLUDING CIRCUMCISION),PENIS PROCEDURES (EXCLUDING CIRCUMCISION),100.0
CCSR Procedure Description,TRANSFUSION OF PLASMA,TRANSFUSION OF PLASMA,100.0
CCSR Procedure Description,CARDIAC CHEST COMPRESSION,CARDIAC CHEST COMPRESSION,100.0
CCSR Procedure Description,EXPLORATION OF PERITONEAL CAVITY,EXPLORATION OF PERITONEAL CAVITY,100.0
CCSR Procedure Description,PERITONEAL DIALYSIS,PERITONEAL DIALYSIS,100.0
CCSR Procedure Description,OTHER CNS DRAINAGE AND RELATED PROCEDURES,OTHER CNS DRAINAGE AND RELATED PROCEDURES,100.0
CCSR Procedure Description,SKIN BIOPSY AND DIAGNOSTIC DRAINAGE,SKIN BIOPSY AND DIAGNOSTIC DRAINAGE,100.0
CCSR Procedure Description,"SKIN AND BREAST PROCEDURES, NEC","SKIN AND BREAST PROCEDURES, NEC",100.0
CCSR Procedure Description,ABORTION,ABORTION,100.0
CCSR Procedure Description,ENT DIAGNOSTIC PROCEDURES (NON-ENDOSCOPIC),ENT DIAGNOSTIC PROCEDURES (NON-ENDOSCOPIC),100.0
CCSR Procedure Description,SPINAL CORD DECOMPRESSION,SPINAL CORD DECOMPRESSION,100.0
CCSR Procedure Description,FLUOROSCOPIC ANGIOGRAPHY (EXCLUDING CORONARY),FLUOROSCOPIC ANGIOGRAPHY (EXCLUDING CORONARY),100.0
CCSR Procedure Description,CNS NEUROSTIMULATOR PROCEDURES,CNS NEUROSTIMULATOR PROCEDURES,100.0
CCSR Procedure Description,HEART BIOPSY,HEART BIOPSY,100.0
CCSR Procedure Description,ELECTROPHYSIOLOGIC STUDIES,ELECTROPHYSIOLOGIC STUDIES,100.0
CCSR Procedure Description,PHARMACOTHERAPY FOR SUBSTANCE USE,PHARMACOTHERAPY FOR SUBSTANCE USE,100.0
CCSR Procedure Description,"LOWER GI THERAPEUTIC PROCEDURES, NEC (EXCLUDING OPEN AND LAPAROSCOPIC)","LOWER GI THERAPEUTIC PROCEDURES, NEC (EXCLUDING OPEN AND LAPAROSCOPIC)",100.0
CCSR Procedure Description,PLANAR NUCLEAR MEDICINE IMAGING,PLANAR NUCLEAR MEDICINE IMAGING,100.0
CCSR Procedure Description,CYSTECTOMY (INCLUDING FULGURATION) AND URETHRECTOMY,CYSTECTOMY (INCLUDING FULGURATION) AND URETHRECTOMY,100.0
CCSR Procedure Description,ENT REPAIR,ENT REPAIR,100.0
CCSR Procedure Description,"TENDON, MUSCLE, BURSA, AND LIGAMENT REPAIR (EXCLUDING PERINEAL)","TENDON, MUSCLE, BURSA, AND LIGAMENT REPAIR (EXCLUDING PERINEAL)",100.0
CCSR Procedure Description,"PHYSICAL, OCCUPATIONAL, AND RESPIRATORY THERAPY EVALUATION","PHYSICAL, OCCUPATIONAL, AND RESPIRATORY THERAPY EVALUATION",100.0
CCSR Procedure Description,OTHER PERITONEAL CAVITY PROCEDURES,OTHER PERITONEAL CAVITY PROCEDURES,100.0
CCSR Procedure Description,"MENTAL HEALTH PROCEDURES, NEC","MENTAL HEALTH PROCEDURES, NEC",100.0
CCSR Procedure Description,BELOW KNEE AMPUTATION,BELOW KNEE AMPUTATION,100.0
CCSR Procedure Description,PERICARDIAL PROCEDURES,PERICARDIAL PROCEDURES,100.0
CCSR Procedure Description,PSYCHOTHERAPY FOR SUBSTANCE USE,PSYCHOTHERAPY FOR SUBSTANCE USE,100.0
CCSR Procedure Description,JOINT FUSION (EXCLUDING SPINE),JOINT FUSION (EXCLUDING SPINE),100.0
CCSR Procedure Description,VESSEL REPAIR AND REPLACEMENT,VESSEL REPAIR AND REPLACEMENT,100.0
CCSR Procedure Description,ROBOTIC-ASSISTED PROCEDURES,ROBOTIC-ASSISTED PROCEDURES,100.0
CCSR Procedure Description,REMOVAL OF ECTOPIC PREGNANCY,REMOVAL OF ECTOPIC PREGNANCY,100.0
CCSR Procedure Description,LYMPH NODE BIOPSY,LYMPH NODE BIOPSY,100.0
CCSR Procedure Description,BRONCHOSCOPY (THERAPEUTIC),BRONCHOSCOPY (THERAPEUTIC),100.0
CCSR Procedure Description,CERVICAL CERCLAGE,CERVICAL CERCLAGE,100.0
CCSR Procedure Description,URINARY TRACT REPAIR,URINARY TRACT REPAIR,100.0
CCSR Procedure Description,DECOMPRESSIVE CRANIECTOMY,DECOMPRESSIVE CRANIECTOMY,100.0
CCSR Procedure Description,"LUNG, PLEURA, OR DIAPHRAGM RESECTION (OPEN AND THORACOSCOPIC)","LUNG, PLEURA, OR DIAPHRAGM RESECTION (OPEN AND THORACOSCOPIC)",100.0
CCSR Procedure Description,PULMONARY ARTERIAL PRESSURE MONITORING,PULMONARY ARTERIAL PRESSURE MONITORING,100.0
CCSR Procedure Description,EYE PROCEDURES,EYE PROCEDURES,100.0
CCSR Procedure Description,LEFT ATRIAL APPENDAGE PROCEDURES,LEFT ATRIAL APPENDAGE PROCEDURES,100.0
CCSR Procedure Description,DUODENAL RESECTION,DUODENAL RESECTION,100.0
CCSR Procedure Description,NERVE REPAIR,NERVE REPAIR,100.0
CCSR Procedure Description,SPINAL EPIDURAL CATHETER PLACEMENT,SPINAL EPIDURAL CATHETER PLACEMENT,100.0
CCSR Procedure Description,ULTRAVIOLET LIGHT THERAPY,ULTRAVIOLET LIGHT THERAPY,100.0
CCSR Procedure Description,PANCREATICOBILIARY BIOPSY,PANCREATICOBILIARY BIOPSY,100.0
CCSR Procedure Description,"ENT EXCISION (EXCLUDING NASAL PASSAGE, SINUSES, TONGUE, SALIVARY GLANDS, LARYNX)","ENT EXCISION (EXCLUDING NASAL PASSAGE, SINUSES, TONGUE, SALIVARY GLANDS, LARYNX)",100.0
CCSR Procedure Description,MASTECTOMY AND LUMPECTOMY,MASTECTOMY AND LUMPECTOMY,100.0
CCSR Procedure Description,PERIPHERAL ARTERIAL BYPASS PROCEDURES,PERIPHERAL ARTERIAL BYPASS PROCEDURES,100.0
CCSR Procedure Description,MINIMALLY INVASIVE CNS BIOPSY,MINIMALLY INVASIVE CNS BIOPSY,100.0
CCSR Procedure Description,MONITORING OF PERIPHERAL NERVES,MONITORING OF PERIPHERAL NERVES,100.0
CCSR Procedure Description,HEART AND GREAT VESSEL BYPASS PROCEDURES,HEART AND GREAT VESSEL BYPASS PROCEDURES,100.0
CCSR Procedure Description,CYSTOSCOPY AND URETEROSCOPY (INCLUDING BIOPSY),CYSTOSCOPY AND URETEROSCOPY (INCLUDING BIOPSY),100.0
CCSR Procedure Description,BREAST RECONSTRUCTION,BREAST RECONSTRUCTION,100.0
CCSR Procedure Description,URINARY DIVERSION WITH ANASTOMOSIS OR OSTOMY,URINARY DIVERSION WITH ANASTOMOSIS OR OSTOMY,100.0
CCSR Procedure Description,"CNS PROCEDURES, NEC","CNS PROCEDURES, NEC",100.0
CCSR Procedure Description,THYROIDECTOMY,THYROIDECTOMY,100.0
CCSR Procedure Description,COSMETIC PROCEDURES,COSMETIC PROCEDURES,100.0
CCSR Procedure Description,SKIN EXCISION AND DEBRIDEMENT,SKIN EXCISION AND DEBRIDEMENT,100.0
CCSR Procedure Description,ENT DIAGNOSTIC ENDOSCOPY (EXCLUDING LARYNGOSCOPY),ENT DIAGNOSTIC ENDOSCOPY (EXCLUDING LARYNGOSCOPY),100.0
CCSR Procedure Description,"MEDIASTINAL PROCEDURES, NEC","MEDIASTINAL PROCEDURES, NEC",100.0
CCSR Procedure Description,PHERESIS THERAPY,PHERESIS THERAPY,100.0
CCSR Procedure Description,BRONCHOSCOPIC EXCISION AND FULGURATION,BRONCHOSCOPIC EXCISION AND FULGURATION,100.0
CCSR Procedure Description,JOINT TISSUE EXCISION (EXCLUDING DISCECTOMY),JOINT TISSUE EXCISION (EXCLUDING DISCECTOMY),100.0
CCSR Procedure Description,OPEN AND THORACOSCOPIC PLEURAL DRAINAGE,OPEN AND THORACOSCOPIC PLEURAL DRAINAGE,100.0
CCSR Procedure Description,TRANSFUSION OF CLOTTING FACTORS,TRANSFUSION OF CLOTTING FACTORS,100.0
CCSR Procedure Description,PROCTECTOMY OR ANAL RESECTION,PROCTECTOMY OR ANAL RESECTION,100.0
CCSR Procedure Description,COVID-19 VACCINATIONS,COVID-19 VACCINATIONS,100.0
CCSR Procedure Description,ENT DRAINAGE (EXCLUDING MYRINGOTOMY),ENT DRAINAGE (EXCLUDING MYRINGOTOMY),100.0
CCSR Procedure Description,FEMALE LOWER GENITAL TRACT EXCISION,FEMALE LOWER GENITAL TRACT EXCISION,100.0
CCSR Procedure Description,OTHER CORONARY ARTERY PROCEDURES (EXCLUDING CABG AND PCI),OTHER CORONARY ARTERY PROCEDURES (EXCLUDING CABG AND PCI),100.0
CCSR Procedure Description,FRENECTOMY,FRENECTOMY,100.0
CCSR Procedure Description,SPINAL CANAL AND SPINAL CORD DRAINAGE (EXCLUDING LUMBAR PUNCTURE),SPINAL CANAL AND SPINAL CORD DRAINAGE (EXCLUDING LUMBAR PUNCTURE),100.0
CCSR Procedure Description,MYRINGOTOMY,MYRINGOTOMY,100.0
CCSR Procedure Description,BEAM RADIATION,BEAM RADIATION,100.0
CCSR Procedure Description,CONTROL OF BLEEDING (NON-ENDOSCOPIC),CONTROL OF BLEEDING (NON-ENDOSCOPIC),100.0
CCSR Procedure Description,NAIL PROCEDURES,NAIL PROCEDURES,100.0
CCSR Procedure Description,CARDIAC PACING,CARDIAC PACING,100.0
CCSR Procedure Description,MENINGES REPAIR,MENINGES REPAIR,100.0
CCSR Procedure Description,"ENT PROCEDURES, NEC","ENT PROCEDURES, NEC",100.0
CCSR Procedure Description,PERIPHERAL NERVE DECOMPRESSION (EXCLUDING LUMBOSACRAL AND CERVICOTHORACIC),PERIPHERAL NERVE DECOMPRESSION (EXCLUDING LUMBOSACRAL AND CERVICOTHORACIC),100.0
CCSR Procedure Description,"ADMINISTRATION OF DIAGNOSTIC SUBSTANCES, NEC","ADMINISTRATION OF DIAGNOSTIC SUBSTANCES, NEC",100.0
CCSR Procedure Description,SAPHENOUS VEIN HARVEST AND OTHER THERAPEUTIC VESSEL REMOVAL,SAPHENOUS VEIN HARVEST AND OTHER THERAPEUTIC VESSEL REMOVAL,100.0
CCSR Procedure Description,FLUOROSCOPIC GUIDANCE FOR CIRCULATORY SYSTEM PROCEDURES,FLUOROSCOPIC GUIDANCE FOR CIRCULATORY SYSTEM PROCEDURES,100.0
CCSR Procedure Description,FALLOPIAN TUBE LIGATION AND EXCISION,FALLOPIAN TUBE LIGATION AND EXCISION,100.0
CCSR Procedure Description,SEPTAL REPAIR AND OTHER THERAPEUTIC HEART PROCEDURES,SEPTAL REPAIR AND OTHER THERAPEUTIC HEART PROCEDURES,100.0
CCSR Procedure Description,VENTRICULOSTOMY [PERCUTANEOUS APPROACH],VENTRICULOSTOMY [PERCUTANEOUS APPROACH],100.0
CCSR Procedure Description,ESOPHAGECTOMY,ESOPHAGECTOMY,100.0
CCSR Procedure Description,"LOWER GI THERAPEUTIC PROCEDURES, NEC (OPEN AND LAPAROSCOPIC)","LOWER GI THERAPEUTIC PROCEDURES, NEC (OPEN AND LAPAROSCOPIC)",100.0
CCSR Procedure Description,OMENTECTOMY OR PERITONEUM RESECTION,OMENTECTOMY OR PERITONEUM RESECTION,100.0
CCSR Procedure Description,THYMECTOMY,THYMECTOMY,100.0
CCSR Procedure Description,PARATHYROIDECTOMY,PARATHYROIDECTOMY,100.0
CCSR Procedure Description,ICP AND OTHER CNS MONITORING (EXCLUDING EEG),ICP AND OTHER CNS MONITORING (EXCLUDING EEG),100.0
CCSR Procedure Description,HYPOTHERMIA THERAPY,HYPOTHERMIA THERAPY,100.0
CCSR Procedure Description,LARYNGECTOMY,LARYNGECTOMY,100.0
CCSR Procedure Description,"RADIATION THERAPY, NEC","RADIATION THERAPY, NEC",100.0
CCSR Procedure Description,CERVICOTHORACIC NERVE DECOMPRESSION,CERVICOTHORACIC NERVE DECOMPRESSION,100.0
CCSR Procedure Description,ENDOCRINE SYSTEM BIOPSY,ENDOCRINE SYSTEM BIOPSY,100.0
CCSR Procedure Description,OPEN HEART CARDIOPULMONARY BYPASS,OPEN HEART CARDIOPULMONARY BYPASS,100.0
CCSR Procedure Description,TONGUE EXCISION,TONGUE EXCISION,100.0
CCSR Procedure Description,EPISIOTOMY,EPISIOTOMY,100.0
CCSR Procedure Description,POSITRON EMISSION TOMOGRAPHIC (PET) IMAGING,POSITRON EMISSION TOMOGRAPHIC (PET) IMAGING,100.0
CCSR Procedure Description,SPEECH THERAPY EVALUATION,SPEECH THERAPY EVALUATION,100.0
CCSR Procedure Description,RADIONUCLIDE THERAPY AND NON-IMAGING PROCEDURES,RADIONUCLIDE THERAPY AND NON-IMAGING PROCEDURES,100.0
CCSR Procedure Description,SALPINGECTOMY,SALPINGECTOMY,100.0
CCSR Procedure Description,CRISIS INTERVENTION FOR MENTAL HEALTH,CRISIS INTERVENTION FOR MENTAL HEALTH,100.0
CCSR Procedure Description,BRACHYTHERAPY,BRACHYTHERAPY,100.0
CCSR Procedure Description,INTRAUTERINE DEVICE (IUD) INSERTION,INTRAUTERINE DEVICE (IUD) INSERTION,100.0
CCSR Procedure Description,PERIPHERAL NERVE DENERVATION,PERIPHERAL NERVE DENERVATION,100.0
CCSR Procedure Description,SPLENECTOMY,SPLENECTOMY,100.0
CCSR Procedure Description,RH IMMUNOGLOBULIN AND OTHER SERUM INFUSION,RH IMMUNOGLOBULIN AND OTHER SERUM INFUSION,100.0
CCSR Procedure Description,EYELID PROCEDURES,EYELID PROCEDURES,100.0
CCSR Procedure Description,FINGER AND OTHER UPPER EXTREMITY AMPUTATION,FINGER AND OTHER UPPER EXTREMITY AMPUTATION,100.0
CCSR Procedure Description,COMPUTER-ASSISTED PROCEDURES,COMPUTER-ASSISTED PROCEDURES,100.0
CCSR Procedure Description,"LYMPHATIC PROCEDURES, NEC","LYMPHATIC PROCEDURES, NEC",100.0
CCSR Procedure Description,LUNG TRANSPLANT,LUNG TRANSPLANT,100.0
CCSR Procedure Description,SUBCUTANEOUS CONTRACEPTIVE IMPLANT,SUBCUTANEOUS CONTRACEPTIVE IMPLANT,100.0
CCSR Procedure Description,"RETROPERITONEAL PROCEDURES, NEC","RETROPERITONEAL PROCEDURES, NEC",100.0
CCSR Procedure Description,HYPERBARIC OXYGEN THERAPY,HYPERBARIC OXYGEN THERAPY,100.0
CCSR Procedure Description,SPLEEN PROCEDURES (EXCLUDING SPLENECTOMY),SPLEEN PROCEDURES (EXCLUDING SPLENECTOMY),100.0
CCSR Procedure Description,MALE PERINEUM PROCEDURES,MALE PERINEUM PROCEDURES,100.0
CCSR Procedure Description,TRACHELECTOMY,TRACHELECTOMY,100.0
CCSR Procedure Description,SPEECH THERAPY TREATMENT,SPEECH THERAPY TREATMENT,100.0
CCSR Procedure Description,"PERIPHERAL NERVE PROCEDURES, NEC","PERIPHERAL NERVE PROCEDURES, NEC",100.0
CCSR Procedure Description,"GENITOURINARY TRACT PROCEDURES, NEC","GENITOURINARY TRACT PROCEDURES, NEC",100.0
CCSR Procedure Description,CARDIAC ASSISTANCE WITH VENTRICULAR ASSIST DEVICE,CARDIAC ASSISTANCE WITH VENTRICULAR ASSIST DEVICE,100.0
CCSR Procedure Description,PULMONARY FUNCTION TESTS,PULMONARY FUNCTION TESTS,100.0
CCSR Procedure Description,PERIPHERAL ARTERIAL PRESSURE MONITORING,PERIPHERAL ARTERIAL PRESSURE MONITORING,100.0
CCSR Procedure Description,"ENDOCRINE PROCEDURES, NEC","ENDOCRINE PROCEDURES, NEC",100.0
CCSR Procedure Description,STEREOTACTIC RADIOSURGERY,STEREOTACTIC RADIOSURGERY,100.0
CCSR Procedure Description,PANCREAS TRANSPLANT,PANCREAS TRANSPLANT,100.0
CCSR Procedure Description,"EXTRACORPOREAL OR SYSTEMIC THERAPIES, NEC","EXTRACORPOREAL OR SYSTEMIC THERAPIES, NEC",100.0
CCSR Procedure Description,FLUORESCENCE IMAGING,FLUORESCENCE IMAGING,100.0
CCSR Procedure Description,OSTEOPATHIC TREATMENT,OSTEOPATHIC TREATMENT,100.0
CCSR Procedure Description,THERAPEUTIC MASSAGE AND RELATED PROCEDURES,THERAPEUTIC MASSAGE AND RELATED PROCEDURES,100.0
CCSR Procedure Description,GI TRANSPLANT,GI TRANSPLANT,100.0
CCSR Procedure Description,FACE TRANSPLANT,PANCREAS TRANSPLANT,82.35294117647058
APR DRG Code,861,861,100.0
APR DRG Code,134,134,100.0
APR DRG Code,720,720,100.0
APR DRG Code,662,662,100.0
APR DRG Code,244,244,100.0
APR DRG Code,203,203,100.0
APR DRG Code,463,463,100.0
APR DRG Code,560,560,100.0
APR DRG Code,540,540,100.0
APR DRG Code,770,770,100.0
APR DRG Code,775,775,100.0
APR DRG Code,190,190,100.0
APR DRG Code,135,135,100.0
APR DRG Code,561,561,100.0
APR DRG Code,141,141,100.0
APR DRG Code,58,58,100.0
APR DRG Code,862,862,100.0
APR DRG Code,640,640,100.0
APR DRG Code,282,282,100.0
APR DRG Code,133,133,100.0
APR DRG Code,422,422,100.0
APR DRG Code,137,137,100.0
APR DRG Code,316,316,100.0
APR DRG Code,420,420,100.0
APR DRG Code,197,197,100.0
APR DRG Code,539,539,100.0
APR DRG Code,201,201,100.0
APR DRG Code,344,344,100.0
APR DRG Code,772,772,100.0
APR DRG Code,284,284,100.0
APR DRG Code,566,566,100.0
APR DRG Code,194,194,100.0
APR DRG Code,465,465,100.0
APR DRG Code,280,280,100.0
APR DRG Code,53,53,100.0
APR DRG Code,351,351,100.0
APR DRG Code,144,144,100.0
APR DRG Code,204,204,100.0
APR DRG Code,43,43,100.0
APR DRG Code,663,663,100.0
APR DRG Code,41,41,100.0
APR DRG Code,252,252,100.0
APR DRG Code,811,811,100.0
APR DRG Code,383,383,100.0
APR DRG Code,530,530,100.0
APR DRG Code,198,198,100.0
APR DRG Code,661,661,100.0
APR DRG Code,724,724,100.0
APR DRG Code,115,115,100.0
APR DRG Code,466,466,100.0
APR DRG Code,47,47,100.0
APR DRG Code,251,251,100.0
APR DRG Code,199,199,100.0
APR DRG Code,140,140,100.0
APR DRG Code,245,245,100.0
APR DRG Code,48,48,100.0
APR DRG Code,145,145,100.0
APR DRG Code,249,249,100.0
APR DRG Code,138,138,100.0
APR DRG Code,54,54,100.0
APR DRG Code,817,817,100.0
APR DRG Code,469,469,100.0
APR DRG Code,139,139,100.0
APR DRG Code,220,220,100.0
APR DRG Code,773,773,100.0
APR DRG Code,142,142,100.0
APR DRG Code,281,281,100.0
APR DRG Code,626,626,100.0
APR DRG Code,174,174,100.0
APR DRG Code,175,175,100.0
APR DRG Code,756,756,100.0
APR DRG Code,750,750,100.0
APR DRG Code,347,347,100.0
APR DRG Code,639,639,100.0
APR DRG Code,403,403,100.0
APR DRG Code,59,59,100.0
APR DRG Code,696,696,100.0
APR DRG Code,45,45,100.0
APR DRG Code,207,207,100.0
APR DRG Code,660,660,100.0
APR DRG Code,228,228,100.0
APR DRG Code,200,200,100.0
APR DRG Code,97,97,100.0
APR DRG Code,893,893,100.0
APR DRG Code,113,113,100.0
APR DRG Code,111,111,100.0
APR DRG Code,542,542,100.0
APR DRG Code,630,630,100.0
APR DRG Code,723,723,100.0
APR DRG Code,346,346,100.0
APR DRG Code,364,364,100.0
APR DRG Code,192,192,100.0
APR DRG Code,50,50,100.0
APR DRG Code,283,283,100.0
APR DRG Code,143,143,100.0
APR DRG Code,634,634,100.0
APR DRG Code,401,401,100.0
APR DRG Code,303,303,100.0
APR DRG Code,263,263,100.0
APR DRG Code,694,694,100.0
APR DRG Code,423,423,100.0
APR DRG Code,754,754,100.0
APR DRG Code,751,751,100.0
APR DRG Code,243,243,100.0
APR DRG Code,234,234,100.0
APR DRG Code,813,813,100.0
APR DRG Code,304,304,100.0
APR DRG Code,224,224,100.0
APR DRG Code,226,226,100.0
APR DRG Code,440,440,100.0
APR DRG Code,382,382,100.0
APR DRG Code,82,82,100.0
APR DRG Code,955,955,100.0
APR DRG Code,233,233,100.0
APR DRG Code,468,468,100.0
APR DRG Code,1,1,100.0
APR DRG Code,426,426,100.0
APR DRG Code,310,310,100.0
APR DRG Code,52,52,100.0
APR DRG Code,892,892,100.0
APR DRG Code,254,254,100.0
APR DRG Code,532,532,100.0
APR DRG Code,305,305,100.0
APR DRG Code,247,247,100.0
APR DRG Code,513,513,100.0
APR DRG Code,816,816,100.0
APR DRG Code,425,425,100.0
APR DRG Code,49,49,100.0
APR DRG Code,930,930,100.0
APR DRG Code,753,753,100.0
APR DRG Code,308,308,100.0
APR DRG Code,470,470,100.0
APR DRG Code,341,341,100.0
APR DRG Code,248,248,100.0
APR DRG Code,240,240,100.0
APR DRG Code,547,547,100.0
APR DRG Code,231,231,100.0
APR DRG Code,421,421,100.0
APR DRG Code,446,446,100.0
APR DRG Code,253,253,100.0
APR DRG Code,5,5,100.0
APR DRG Code,241,241,100.0
APR DRG Code,182,182,100.0
APR DRG Code,179,179,100.0
APR DRG Code,165,165,100.0
APR DRG Code,722,722,100.0
APR DRG Code,130,130,100.0
APR DRG Code,342,342,100.0
APR DRG Code,501,501,100.0
APR DRG Code,114,114,100.0
APR DRG Code,444,444,100.0
APR DRG Code,890,890,100.0
APR DRG Code,42,42,100.0
APR DRG Code,57,57,100.0
APR DRG Code,191,191,100.0
APR DRG Code,844,844,100.0
APR DRG Code,842,842,100.0
APR DRG Code,21,21,100.0
APR DRG Code,349,349,100.0
APR DRG Code,441,441,100.0
APR DRG Code,312,312,100.0
APR DRG Code,162,162,100.0
APR DRG Code,242,242,100.0
APR DRG Code,636,636,100.0
APR DRG Code,163,163,100.0
APR DRG Code,51,51,100.0
APR DRG Code,55,55,100.0
APR DRG Code,9,9,100.0
APR DRG Code,633,633,100.0
APR DRG Code,543,543,100.0
APR DRG Code,261,261,100.0
APR DRG Code,227,227,100.0
APR DRG Code,326,326,100.0
APR DRG Code,30,30,100.0
APR DRG Code,711,711,100.0
APR DRG Code,260,260,100.0
APR DRG Code,776,776,100.0
APR DRG Code,121,121,100.0
APR DRG Code,721,721,100.0
APR DRG Code,206,206,100.0
APR DRG Code,519,519,100.0
APR DRG Code,622,622,100.0
APR DRG Code,196,196,100.0
APR DRG Code,710,710,100.0
APR DRG Code,424,424,100.0
APR DRG Code,812,812,100.0
APR DRG Code,793,793,100.0
APR DRG Code,317,317,100.0
APR DRG Code,279,279,100.0
APR DRG Code,548,548,100.0
APR DRG Code,483,483,100.0
APR DRG Code,321,321,100.0
APR DRG Code,23,23,100.0
APR DRG Code,564,564,100.0
APR DRG Code,380,380,100.0
APR DRG Code,246,246,100.0
APR DRG Code,541,541,100.0
APR DRG Code,223,223,100.0
APR DRG Code,500,500,100.0
APR DRG Code,315,315,100.0
APR DRG Code,324,324,100.0
APR DRG Code,340,340,100.0
APR DRG Code,230,230,100.0
APR DRG Code,180,180,100.0
APR DRG Code,229,229,100.0
APR DRG Code,894,894,100.0
APR DRG Code,774,774,100.0
APR DRG Code,322,322,100.0
APR DRG Code,171,171,100.0
APR DRG Code,625,625,100.0
APR DRG Code,385,385,100.0
APR DRG Code,602,602,100.0
APR DRG Code,98,98,100.0
APR DRG Code,27,27,100.0
APR DRG Code,24,24,100.0
APR DRG Code,442,442,100.0
APR DRG Code,44,44,100.0
APR DRG Code,4,4,100.0
APR DRG Code,323,323,100.0
APR DRG Code,313,313,100.0
APR DRG Code,343,343,100.0
APR DRG Code,611,611,100.0
APR DRG Code,193,193,100.0
APR DRG Code,169,169,100.0
APR DRG Code,950,950,100.0
APR DRG Code,952,952,100.0
APR DRG Code,951,951,100.0
APR DRG Code,612,612,100.0
APR DRG Code,11,11,100.0
APR DRG Code,912,912,100.0
APR DRG Code,760,760,100.0
APR DRG Code,89,89,100.0
APR DRG Code,384,384,100.0
APR DRG Code,614,614,100.0
APR DRG Code,2,2,100.0
APR DRG Code,480,480,100.0
APR DRG Code,514,514,100.0
APR DRG Code,759,759,100.0
APR DRG Code,120,120,100.0
APR DRG Code,443,443,100.0
APR DRG Code,512,512,100.0
APR DRG Code,531,531,100.0
APR DRG Code,8,8,100.0
APR DRG Code,183,183,100.0
APR DRG Code,166,166,100.0
APR DRG Code,621,621,100.0
APR DRG Code,264,264,100.0
APR DRG Code,110,110,100.0
APR DRG Code,690,690,100.0
APR DRG Code,651,651,100.0
APR DRG Code,92,92,100.0
APR DRG Code,810,810,100.0
APR DRG Code,680,680,100.0
APR DRG Code,427,427,100.0
APR DRG Code,695,695,100.0
APR DRG Code,161,161,100.0
APR DRG Code,222,222,100.0
APR DRG Code,623,623,100.0
APR DRG Code,758,758,100.0
APR DRG Code,860,860,100.0
APR DRG Code,752,752,100.0
APR DRG Code,136,136,100.0
APR DRG Code,911,911,100.0
APR DRG Code,46,46,100.0
APR DRG Code,381,381,100.0
APR DRG Code,607,607,100.0
APR DRG Code,22,22,100.0
APR DRG Code,320,320,100.0
APR DRG Code,29,29,100.0
APR DRG Code,91,91,100.0
APR DRG Code,181,181,100.0
APR DRG Code,314,314,100.0
APR DRG Code,461,461,100.0
APR DRG Code,309,309,100.0
APR DRG Code,691,691,100.0
APR DRG Code,20,20,100.0
APR DRG Code,167,167,100.0
APR DRG Code,40,40,100.0
APR DRG Code,445,445,100.0
APR DRG Code,681,681,100.0
APR DRG Code,815,815,100.0
APR DRG Code,757,757,100.0
APR DRG Code,755,755,100.0
APR DRG Code,581,581,100.0
APR DRG Code,482,482,100.0
APR DRG Code,73,73,100.0
APR DRG Code,95,95,100.0
APR DRG Code,588,588,100.0
APR DRG Code,362,362,100.0
APR DRG Code,794,794,100.0
APR DRG Code,160,160,100.0
APR DRG Code,363,363,100.0
APR DRG Code,404,404,100.0
APR DRG Code,405,405,100.0
APR DRG Code,447,447,100.0
APR DRG Code,361,361,100.0
APR DRG Code,850,850,100.0
APR DRG Code,26,26,100.0
APR DRG Code,518,518,100.0
APR DRG Code,484,484,100.0
APR DRG Code,792,792,100.0
APR DRG Code,462,462,100.0
APR DRG Code,325,325,100.0
APR DRG Code,608,608,100.0
APR DRG Code,178,178,100.0
APR DRG Code,131,131,100.0
APR DRG Code,205,205,100.0
APR DRG Code,7,7,100.0
APR DRG Code,132,132,100.0
APR DRG Code,593,593,100.0
APR DRG Code,176,176,100.0
APR DRG Code,589,589,100.0
APR DRG Code,232,232,100.0
APR DRG Code,631,631,100.0
APR DRG Code,6,6,100.0
APR DRG Code,740,740,100.0
APR DRG Code,591,591,100.0
APR DRG Code,517,517,100.0
APR DRG Code,609,609,100.0
APR DRG Code,177,177,100.0
APR DRG Code,583,583,100.0
APR DRG Code,511,511,100.0
APR DRG Code,510,510,100.0
APR DRG Code,56,56,100.0
APR DRG Code,613,613,100.0
APR DRG Code,863,863,100.0
APR DRG Code,956,956,100.0
APR DRG Code,843,843,100.0
APR DRG Code,910,910,100.0
APR DRG Code,170,170,100.0
APR DRG Code,603,603,100.0
APR DRG Code,650,650,100.0
APR DRG Code,692,692,100.0
APR DRG Code,580,580,100.0
APR DRG Code,841,841,100.0
APR DRG Description,"SIGNS, SYMPTOMS AND OTHER FACTORS INFLUENCING HEALTH STATUS","SIGNS, SYMPTOMS AND OTHER FACTORS INFLUENCING HEALTH STATUS",100.0
APR DRG Description,PULMONARY EMBOLISM,PULMONARY EMBOLISM,100.0
APR DRG Description,SEPTICEMIA AND DISSEMINATED INFECTIONS,SEPTICEMIA AND DISSEMINATED INFECTIONS,100.0
APR DRG Description,SICKLE CELL ANEMIA CRISIS,SICKLE CELL ANEMIA CRISIS,100.0
APR DRG Description,DIVERTICULITIS AND DIVERTICULOSIS,DIVERTICULITIS AND DIVERTICULOSIS,100.0
APR DRG Description,CHEST PAIN,CHEST PAIN,100.0
APR DRG Description,KIDNEY AND URINARY TRACT INFECTIONS,KIDNEY AND URINARY TRACT INFECTIONS,100.0
APR DRG Description,VAGINAL DELIVERY,VAGINAL DELIVERY,100.0
APR DRG Description,CESAREAN SECTION WITHOUT STERILIZATION,CESAREAN SECTION WITHOUT STERILIZATION,100.0
APR DRG Description,"DRUG AND ALCOHOL ABUSE OR DEPENDENCE, LEFT AGAINST MEDICAL ADVICE","DRUG AND ALCOHOL ABUSE OR DEPENDENCE, LEFT AGAINST MEDICAL ADVICE",100.0
APR DRG Description,ALCOHOL ABUSE AND DEPENDENCE,ALCOHOL ABUSE AND DEPENDENCE,100.0
APR DRG Description,ACUTE MYOCARDIAL INFARCTION,ACUTE MYOCARDIAL INFARCTION,100.0
APR DRG Description,MAJOR CHEST AND RESPIRATORY TRAUMA,MAJOR CHEST AND RESPIRATORY TRAUMA,100.0
APR DRG Description,POSTPARTUM AND POST ABORTION DIAGNOSES WITHOUT PROCEDURE,POSTPARTUM AND POST ABORTION DIAGNOSES WITHOUT PROCEDURE,100.0
APR DRG Description,ASTHMA,ASTHMA,100.0
APR DRG Description,OTHER DISORDERS OF NERVOUS SYSTEM,OTHER DISORDERS OF NERVOUS SYSTEM,100.0
APR DRG Description,OTHER AFTERCARE AND CONVALESCENCE,OTHER AFTERCARE AND CONVALESCENCE,100.0
APR DRG Description,"NEONATE BIRTH WEIGHT > 2499 GRAMS, NORMAL NEWBORN OR NEONATE WITH OTHER PROBLEM","NEONATE BIRTH WEIGHT > 2499 GRAMS, NORMAL NEWBORN OR NEONATE WITH OTHER PROBLEM",100.0
APR DRG Description,DISORDERS OF PANCREAS EXCEPT MALIGNANCY,DISORDERS OF PANCREAS EXCEPT MALIGNANCY,100.0
APR DRG Description,RESPIRATORY FAILURE,RESPIRATORY FAILURE,100.0
APR DRG Description,HYPOVOLEMIA AND RELATED ELECTROLYTE DISORDERS,HYPOVOLEMIA AND RELATED ELECTROLYTE DISORDERS,100.0
APR DRG Description,MAJOR RESPIRATORY INFECTIONS AND INFLAMMATIONS,MAJOR RESPIRATORY INFECTIONS AND INFLAMMATIONS,100.0
APR DRG Description,HAND AND WRIST PROCEDURES,HAND AND WRIST PROCEDURES,100.0
APR DRG Description,DIABETES,DIABETES,100.0
APR DRG Description,PERIPHERAL AND OTHER VASCULAR DISORDERS,PERIPHERAL AND OTHER VASCULAR DISORDERS,100.0
APR DRG Description,CESAREAN SECTION WITH STERILIZATION,CESAREAN SECTION WITH STERILIZATION,100.0
APR DRG Description,CARDIAC ARRHYTHMIA AND CONDUCTION DISORDERS,CARDIAC ARRHYTHMIA AND CONDUCTION DISORDERS,100.0
APR DRG Description,"OSTEOMYELITIS, SEPTIC ARTHRITIS AND OTHER MUSCULOSKELETAL INFECTIONS","OSTEOMYELITIS, SEPTIC ARTHRITIS AND OTHER MUSCULOSKELETAL INFECTIONS",100.0
APR DRG Description,ALCOHOL AND DRUG DEPENDENCE WITH REHABILITATION AND/OR DETOXIFICATION THERAPY,ALCOHOL AND DRUG DEPENDENCE WITH REHABILITATION AND/OR DETOXIFICATION THERAPY,100.0
APR DRG Description,DISORDERS OF GALLBLADDER AND BILIARY TRACT,DISORDERS OF GALLBLADDER AND BILIARY TRACT,100.0
APR DRG Description,ANTEPARTUM WITHOUT O.R. PROCEDURE,ANTEPARTUM WITHOUT O.R. PROCEDURE,100.0
APR DRG Description,HEART FAILURE,HEART FAILURE,100.0
APR DRG Description,URINARY STONES AND ACQUIRED UPPER URINARY TRACT OBSTRUCTION,URINARY STONES AND ACQUIRED UPPER URINARY TRACT OBSTRUCTION,100.0
APR DRG Description,ALCOHOLIC LIVER DISEASE,ALCOHOLIC LIVER DISEASE,100.0
APR DRG Description,SEIZURE,SEIZURE,100.0
APR DRG Description,OTHER MUSCULOSKELETAL SYSTEM AND CONNECTIVE TISSUE DIAGNOSES,OTHER MUSCULOSKELETAL SYSTEM AND CONNECTIVE TISSUE DIAGNOSES,100.0
APR DRG Description,"RESPIRATORY SIGNS, SYMPTOMS AND MISCELLANEOUS DIAGNOSES","RESPIRATORY SIGNS, SYMPTOMS AND MISCELLANEOUS DIAGNOSES",100.0
APR DRG Description,SYNCOPE AND COLLAPSE,SYNCOPE AND COLLAPSE,100.0
APR DRG Description,"MULTIPLE SCLEROSIS, OTHER DEMYELINATING DISEASE AND INFLAMMATORY NEUROPATHIES","MULTIPLE SCLEROSIS, OTHER DEMYELINATING DISEASE AND INFLAMMATORY NEUROPATHIES",100.0
APR DRG Description,OTHER ANEMIA AND DISORDERS OF BLOOD AND BLOOD-FORMING ORGANS,OTHER ANEMIA AND DISORDERS OF BLOOD AND BLOOD-FORMING ORGANS,100.0
APR DRG Description,NERVOUS SYSTEM MALIGNANCY,NERVOUS SYSTEM MALIGNANCY,100.0
APR DRG Description,"MALFUNCTION, REACTION AND COMPLICATION OF GASTROINTESTINAL DEVICE OR PROCEDURE","MALFUNCTION, REACTION AND COMPLICATION OF GASTROINTESTINAL DEVICE OR PROCEDURE",100.0
APR DRG Description,ALLERGIC REACTIONS,ALLERGIC REACTIONS,100.0
APR DRG Description,CELLULITIS AND OTHER SKIN INFECTIONS,CELLULITIS AND OTHER SKIN INFECTIONS,100.0
APR DRG Description,FEMALE REPRODUCTIVE SYSTEM MALIGNANCY,FEMALE REPRODUCTIVE SYSTEM MALIGNANCY,100.0
APR DRG Description,ANGINA PECTORIS AND CORONARY ATHEROSCLEROSIS,ANGINA PECTORIS AND CORONARY ATHEROSCLEROSIS,100.0
APR DRG Description,COAGULATION AND PLATELET DISORDERS,COAGULATION AND PLATELET DISORDERS,100.0
APR DRG Description,OTHER INFECTIOUS AND PARASITIC DISEASES,OTHER INFECTIOUS AND PARASITIC DISEASES,100.0
APR DRG Description,"OTHER EAR, NOSE, MOUTH, THROAT AND CRANIAL OR FACIAL DIAGNOSES","OTHER EAR, NOSE, MOUTH, THROAT AND CRANIAL OR FACIAL DIAGNOSES",100.0
APR DRG Description,"MALFUNCTION, REACTION, COMPLICATION OF GENITOURINARY DEVICE OR PROCEDURE","MALFUNCTION, REACTION, COMPLICATION OF GENITOURINARY DEVICE OR PROCEDURE",100.0
APR DRG Description,TRANSIENT ISCHEMIA,TRANSIENT ISCHEMIA,100.0
APR DRG Description,ABDOMINAL PAIN,ABDOMINAL PAIN,100.0
APR DRG Description,HYPERTENSION,HYPERTENSION,100.0
APR DRG Description,CHRONIC OBSTRUCTIVE PULMONARY DISEASE,CHRONIC OBSTRUCTIVE PULMONARY DISEASE,100.0
APR DRG Description,INFLAMMATORY BOWEL DISEASE,INFLAMMATORY BOWEL DISEASE,100.0
APR DRG Description,"PERIPHERAL, CRANIAL AND AUTONOMIC NERVE DISORDERS","PERIPHERAL, CRANIAL AND AUTONOMIC NERVE DISORDERS",100.0
APR DRG Description,ACUTE BRONCHITIS AND RELATED SYMPTOMS,ACUTE BRONCHITIS AND RELATED SYMPTOMS,100.0
APR DRG Description,"OTHER GASTROENTERITIS, NAUSEA AND VOMITING","OTHER GASTROENTERITIS, NAUSEA AND VOMITING",100.0
APR DRG Description,BRONCHIOLITIS AND RSV PNEUMONIA,BRONCHIOLITIS AND RSV PNEUMONIA,100.0
APR DRG Description,MIGRAINE AND OTHER HEADACHES,MIGRAINE AND OTHER HEADACHES,100.0
APR DRG Description,INTENTIONAL SELF-HARM AND ATTEMPTED SUICIDE,INTENTIONAL SELF-HARM AND ATTEMPTED SUICIDE,100.0
APR DRG Description,ACUTE KIDNEY INJURY,ACUTE KIDNEY INJURY,100.0
APR DRG Description,OTHER PNEUMONIA,OTHER PNEUMONIA,100.0
APR DRG Description,"MAJOR STOMACH, ESOPHAGEAL AND DUODENAL PROCEDURES","MAJOR STOMACH, ESOPHAGEAL AND DUODENAL PROCEDURES",100.0
APR DRG Description,OPIOID ABUSE AND DEPENDENCE,OPIOID ABUSE AND DEPENDENCE,100.0
APR DRG Description,INTERSTITIAL AND ALVEOLAR LUNG DISEASES,INTERSTITIAL AND ALVEOLAR LUNG DISEASES,100.0
APR DRG Description,MALIGNANCY OF HEPATOBILIARY SYSTEM AND PANCREAS,MALIGNANCY OF HEPATOBILIARY SYSTEM AND PANCREAS,100.0
APR DRG Description,"NEONATE BIRTH WEIGHT 2000-2499 GRAMS, NORMAL NEWBORN OR NEONATE WITH OTHER PROBLEM","NEONATE BIRTH WEIGHT 2000-2499 GRAMS, NORMAL NEWBORN OR NEONATE WITH OTHER PROBLEM",100.0
APR DRG Description,PERCUTANEOUS CARDIAC INTERVENTION WITH AMI,PERCUTANEOUS CARDIAC INTERVENTION WITH AMI,100.0
APR DRG Description,PERCUTANEOUS CARDIAC INTERVENTION WITHOUT AMI,PERCUTANEOUS CARDIAC INTERVENTION WITHOUT AMI,100.0
APR DRG Description,ACUTE ANXIETY AND DELIRIUM STATES,ACUTE ANXIETY AND DELIRIUM STATES,100.0
APR DRG Description,SCHIZOPHRENIA,SCHIZOPHRENIA,100.0
APR DRG Description,"OTHER BACK AND NECK DISORDERS, FRACTURES AND INJURIES","OTHER BACK AND NECK DISORDERS, FRACTURES AND INJURIES",100.0
APR DRG Description,NEONATE BIRTH WEIGHT > 2499 GRAMS WITH OTHER SIGNIFICANT CONDITION,NEONATE BIRTH WEIGHT > 2499 GRAMS WITH OTHER SIGNIFICANT CONDITION,100.0
APR DRG Description,PROCEDURES FOR OBESITY,PROCEDURES FOR OBESITY,100.0
APR DRG Description,ANOXIC AND OTHER SEVERE BRAIN DAMAGE,ANOXIC AND OTHER SEVERE BRAIN DAMAGE,100.0
APR DRG Description,OTHER CHEMOTHERAPY,OTHER CHEMOTHERAPY,100.0
APR DRG Description,CVA AND PRECEREBRAL OCCLUSION WITH INFARCTION,CVA AND PRECEREBRAL OCCLUSION WITH INFARCTION,100.0
APR DRG Description,OTHER CIRCULATORY SYSTEM DIAGNOSES,OTHER CIRCULATORY SYSTEM DIAGNOSES,100.0
APR DRG Description,MAJOR HEMATOLOGIC OR IMMUNOLOGIC DIAGNOSES EXCEPT SICKLE CELL CRISIS AND COAGULATION,MAJOR HEMATOLOGIC OR IMMUNOLOGIC DIAGNOSES EXCEPT SICKLE CELL CRISIS AND COAGULATION,100.0
APR DRG Description,"INGUINAL, FEMORAL AND UMBILICAL HERNIA PROCEDURES","INGUINAL, FEMORAL AND UMBILICAL HERNIA PROCEDURES",100.0
APR DRG Description,CARDIAC STRUCTURAL AND VALVULAR DISORDERS,CARDIAC STRUCTURAL AND VALVULAR DISORDERS,100.0
APR DRG Description,TONSIL AND ADENOID PROCEDURES,TONSIL AND ADENOID PROCEDURES,100.0
APR DRG Description,HIV WITH MULTIPLE SIGNIFICANT HIV RELATED CONDITIONS,HIV WITH MULTIPLE SIGNIFICANT HIV RELATED CONDITIONS,100.0
APR DRG Description,INFECTIONS OF UPPER RESPIRATORY TRACT,INFECTIONS OF UPPER RESPIRATORY TRACT,100.0
APR DRG Description,VERTIGO AND OTHER LABYRINTH DISORDERS,VERTIGO AND OTHER LABYRINTH DISORDERS,100.0
APR DRG Description,VAGINAL DELIVERY WITH O.R. PROCEDURE EXCEPT STERILIZATION AND/OR D&C,VAGINAL DELIVERY WITH O.R. PROCEDURE EXCEPT STERILIZATION AND/OR D&C,100.0
APR DRG Description,NEONATE BIRTH WEIGHT > 2499 GRAMS WITH MAJOR CARDIOVASCULAR PROCEDURE,NEONATE BIRTH WEIGHT > 2499 GRAMS WITH MAJOR CARDIOVASCULAR PROCEDURE,100.0
APR DRG Description,VIRAL ILLNESS,VIRAL ILLNESS,100.0
APR DRG Description,CONNECTIVE TISSUE DISORDERS,CONNECTIVE TISSUE DISORDERS,100.0
APR DRG Description,"OTHER SKIN, SUBCUTANEOUS TISSUE AND RELATED PROCEDURES","OTHER SKIN, SUBCUTANEOUS TISSUE AND RELATED PROCEDURES",100.0
APR DRG Description,CARDIAC CATHETERIZATION FOR OTHER NON-CORONARY CONDITIONS,CARDIAC CATHETERIZATION FOR OTHER NON-CORONARY CONDITIONS,100.0
APR DRG Description,NON-BACTERIAL INFECTIONS OF NERVOUS SYSTEM EXCEPT VIRAL MENINGITIS,NON-BACTERIAL INFECTIONS OF NERVOUS SYSTEM EXCEPT VIRAL MENINGITIS,100.0
APR DRG Description,OTHER DISORDERS OF THE LIVER,OTHER DISORDERS OF THE LIVER,100.0
APR DRG Description,"OTHER RESPIRATORY DIAGNOSES EXCEPT SIGNS, SYMPTOMS AND MISCELLANEOUS DIAGNOSES","OTHER RESPIRATORY DIAGNOSES EXCEPT SIGNS, SYMPTOMS AND MISCELLANEOUS DIAGNOSES",100.0
APR DRG Description,NEONATE BIRTH WEIGHT > 2499 GRAMS WITH RESPIRATORY DISTRESS SYNDROME OR OTHER MAJOR RESPIRATORY CONDITION,NEONATE BIRTH WEIGHT > 2499 GRAMS WITH RESPIRATORY DISTRESS SYNDROME OR OTHER MAJOR RESPIRATORY CONDITION,100.0
APR DRG Description,ADRENAL PROCEDURES,ADRENAL PROCEDURES,100.0
APR DRG Description,DORSAL AND LUMBAR FUSION PROCEDURE FOR CURVATURE OF BACK,DORSAL AND LUMBAR FUSION PROCEDURE FOR CURVATURE OF BACK,100.0
APR DRG Description,CHOLECYSTECTOMY,CHOLECYSTECTOMY,100.0
APR DRG Description,LYMPHATIC AND OTHER MALIGNANCIES AND NEOPLASMS OF UNCERTAIN BEHAVIOR,LYMPHATIC AND OTHER MALIGNANCIES AND NEOPLASMS OF UNCERTAIN BEHAVIOR,100.0
APR DRG Description,INBORN ERRORS OF METABOLISM,INBORN ERRORS OF METABOLISM,100.0
APR DRG Description,DEPRESSION EXCEPT MAJOR DEPRESSIVE DISORDER,DEPRESSION EXCEPT MAJOR DEPRESSIVE DISORDER,100.0
APR DRG Description,MAJOR DEPRESSIVE DISORDERS AND OTHER OR UNSPECIFIED PSYCHOSES,MAJOR DEPRESSIVE DISORDERS AND OTHER OR UNSPECIFIED PSYCHOSES,100.0
APR DRG Description,OTHER ESOPHAGEAL DISORDERS,OTHER ESOPHAGEAL DISORDERS,100.0
APR DRG Description,APPENDECTOMY WITHOUT COMPLEX PRINCIPAL DIAGNOSIS,APPENDECTOMY WITHOUT COMPLEX PRINCIPAL DIAGNOSIS,100.0
APR DRG Description,OTHER COMPLICATIONS OF TREATMENT,OTHER COMPLICATIONS OF TREATMENT,100.0
APR DRG Description,DORSAL AND LUMBAR FUSION PROCEDURE EXCEPT FOR CURVATURE OF BACK,DORSAL AND LUMBAR FUSION PROCEDURE EXCEPT FOR CURVATURE OF BACK,100.0
APR DRG Description,PERITONEAL ADHESIOLYSIS,PERITONEAL ADHESIOLYSIS,100.0
APR DRG Description,ANAL AND PERINEAL PROCEDURES,ANAL AND PERINEAL PROCEDURES,100.0
APR DRG Description,KIDNEY TRANSPLANT,KIDNEY TRANSPLANT,100.0
APR DRG Description,MALIGNANT BREAST DISORDERS,MALIGNANT BREAST DISORDERS,100.0
APR DRG Description,EYE INFECTIONS AND OTHER EYE DISORDERS,EYE INFECTIONS AND OTHER EYE DISORDERS,100.0
APR DRG Description,PRINCIPAL DIAGNOSIS INVALID AS DISCHARGE DIAGNOSIS,PRINCIPAL DIAGNOSIS INVALID AS DISCHARGE DIAGNOSIS,100.0
APR DRG Description,APPENDECTOMY WITH COMPLEX PRINCIPAL DIAGNOSIS,APPENDECTOMY WITH COMPLEX PRINCIPAL DIAGNOSIS,100.0
APR DRG Description,"OTHER KIDNEY AND URINARY TRACT DIAGNOSES, SIGNS AND SYMPTOMS","OTHER KIDNEY AND URINARY TRACT DIAGNOSES, SIGNS AND SYMPTOMS",100.0
APR DRG Description,LIVER TRANSPLANT AND/OR INTESTINAL TRANSPLANT,LIVER TRANSPLANT AND/OR INTESTINAL TRANSPLANT,100.0
APR DRG Description,NON-HYPOVOLEMIC SODIUM DISORDERS,NON-HYPOVOLEMIC SODIUM DISORDERS,100.0
APR DRG Description,VERTEBRAL AND INTERVERTEBRAL SPINAL PROCEDURES INCLUDING DISC PROCEDURES,VERTEBRAL AND INTERVERTEBRAL SPINAL PROCEDURES INCLUDING DISC PROCEDURES,100.0
APR DRG Description,ALTERATION IN CONSCIOUSNESS,ALTERATION IN CONSCIOUSNESS,100.0
APR DRG Description,HIV WITH MAJOR HIV RELATED CONDITION,HIV WITH MAJOR HIV RELATED CONDITION,100.0
APR DRG Description,OTHER DIGESTIVE SYSTEM DIAGNOSES,OTHER DIGESTIVE SYSTEM DIAGNOSES,100.0
APR DRG Description,MENSTRUAL AND OTHER FEMALE REPRODUCTIVE SYSTEM DISORDERS,MENSTRUAL AND OTHER FEMALE REPRODUCTIVE SYSTEM DISORDERS,100.0
APR DRG Description,AMPUTATION OF LOWER LIMB EXCEPT TOES,AMPUTATION OF LOWER LIMB EXCEPT TOES,100.0
APR DRG Description,INTESTINAL OBSTRUCTION,INTESTINAL OBSTRUCTION,100.0
APR DRG Description,UTERINE AND ADNEXA PROCEDURES FOR NON-MALIGNANCY EXCEPT LEIOMYOMA,UTERINE AND ADNEXA PROCEDURES FOR NON-MALIGNANCY EXCEPT LEIOMYOMA,100.0
APR DRG Description,TOXIC EFFECTS OF NON-MEDICINAL SUBSTANCES,TOXIC EFFECTS OF NON-MEDICINAL SUBSTANCES,100.0
APR DRG Description,OTHER NON-HYPOVOLEMIC ELECTROLYTE DISORDERS,OTHER NON-HYPOVOLEMIC ELECTROLYTE DISORDERS,100.0
APR DRG Description,BACTERIAL AND TUBERCULOUS INFECTIONS OF NERVOUS SYSTEM,BACTERIAL AND TUBERCULOUS INFECTIONS OF NERVOUS SYSTEM,100.0
APR DRG Description,MULTIPLE SIGNIFICANT TRAUMA WITHOUT O.R. PROCEDURE,MULTIPLE SIGNIFICANT TRAUMA WITHOUT O.R. PROCEDURE,100.0
APR DRG Description,BIPOLAR DISORDERS,BIPOLAR DISORDERS,100.0
APR DRG Description,HIP AND FEMUR FRACTURE REPAIR,HIP AND FEMUR FRACTURE REPAIR,100.0
APR DRG Description,CHRONIC KIDNEY DISEASE,CHRONIC KIDNEY DISEASE,100.0
APR DRG Description,FRACTURE OF PELVIS OR DISLOCATION OF HIP,FRACTURE OF PELVIS OR DISLOCATION OF HIP,100.0
APR DRG Description,MAJOR GASTROINTESTINAL AND PERITONEAL INFECTIONS,MAJOR GASTROINTESTINAL AND PERITONEAL INFECTIONS,100.0
APR DRG Description,DIGESTIVE MALIGNANCY,DIGESTIVE MALIGNANCY,100.0
APR DRG Description,ANTEPARTUM WITH O.R. PROCEDURE,ANTEPARTUM WITH O.R. PROCEDURE,100.0
APR DRG Description,MAJOR LARGE BOWEL PROCEDURES,MAJOR LARGE BOWEL PROCEDURES,100.0
APR DRG Description,"MALNUTRITION, FAILURE TO THRIVE AND OTHER NUTRITIONAL DISORDERS","MALNUTRITION, FAILURE TO THRIVE AND OTHER NUTRITIONAL DISORDERS",100.0
APR DRG Description,URETHRAL AND TRANSURETHRAL PROCEDURES,URETHRAL AND TRANSURETHRAL PROCEDURES,100.0
APR DRG Description,OTHER AND UNSPECIFIED GASTROINTESTINAL HEMORRHAGE,OTHER AND UNSPECIFIED GASTROINTESTINAL HEMORRHAGE,100.0
APR DRG Description,TRACHEOSTOMY WITH MV >96 HOURS WITHOUT EXTENSIVE PROCEDURE,TRACHEOSTOMY WITH MV >96 HOURS WITHOUT EXTENSIVE PROCEDURE,100.0
APR DRG Description,PEPTIC ULCER AND GASTRITIS,PEPTIC ULCER AND GASTRITIS,100.0
APR DRG Description,OTHER PERIPHERAL VASCULAR AND RELATED PROCEDURES,OTHER PERIPHERAL VASCULAR AND RELATED PROCEDURES,100.0
APR DRG Description,DEFIBRILLATOR IMPLANTS,DEFIBRILLATOR IMPLANTS,100.0
APR DRG Description,CORONARY BYPASS WITH AMI OR COMPLEX PRINCIPAL DIAGNOSIS,CORONARY BYPASS WITH AMI OR COMPLEX PRINCIPAL DIAGNOSIS,100.0
APR DRG Description,FEVER AND INFLAMMATORY CONDITIONS,FEVER AND INFLAMMATORY CONDITIONS,100.0
APR DRG Description,RESPIRATORY SYSTEM DIAGNOSIS WITH VENTILATOR SUPPORT > 96 HOURS,RESPIRATORY SYSTEM DIAGNOSIS WITH VENTILATOR SUPPORT > 96 HOURS,100.0
APR DRG Description,"FRACTURES AND DISLOCATIONS EXCEPT FEMUR, PELVIS AND BACK","FRACTURES AND DISLOCATIONS EXCEPT FEMUR, PELVIS AND BACK",100.0
APR DRG Description,MALE REPRODUCTIVE SYSTEM DIAGNOSES EXCEPT MALIGNANCY,MALE REPRODUCTIVE SYSTEM DIAGNOSES EXCEPT MALIGNANCY,100.0
APR DRG Description,DENTAL DISEASES AND DISORDERS,DENTAL DISEASES AND DISORDERS,100.0
APR DRG Description,RENAL DIALYSIS ACCESS DEVICE PROCEDURES,RENAL DIALYSIS ACCESS DEVICE PROCEDURES,100.0
APR DRG Description,HIV WITH MULTIPLE MAJOR HIV RELATED CONDITIONS,HIV WITH MULTIPLE MAJOR HIV RELATED CONDITIONS,100.0
APR DRG Description,DEGENERATIVE NERVOUS SYSTEM DISORDERS EXCEPT MULTIPLE SCLEROSIS,DEGENERATIVE NERVOUS SYSTEM DISORDERS EXCEPT MULTIPLE SCLEROSIS,100.0
APR DRG Description,"CONCUSSION, CLOSED SKULL FRACTURE NOS, AND UNCOMPLICATED INTRACRANIAL INJURY, COMA < 1 HOUR OR NO COMA","CONCUSSION, CLOSED SKULL FRACTURE NOS, AND UNCOMPLICATED INTRACRANIAL INJURY, COMA < 1 HOUR OR NO COMA",100.0
APR DRG Description,CARDIAC CATHETERIZATION FOR CORONARY ARTERY DISEASE,CARDIAC CATHETERIZATION FOR CORONARY ARTERY DISEASE,100.0
APR DRG Description,PARTIAL THICKNESS BURNS WITHOUT SKIN GRAFT,PARTIAL THICKNESS BURNS WITHOUT SKIN GRAFT,100.0
APR DRG Description,BURNS WITH SKIN GRAFT EXCEPT EXTENSIVE THIRD DEGREE BURNS,BURNS WITH SKIN GRAFT EXCEPT EXTENSIVE THIRD DEGREE BURNS,100.0
APR DRG Description,OPEN CRANIOTOMY EXCEPT TRAUMA,OPEN CRANIOTOMY EXCEPT TRAUMA,100.0
APR DRG Description,"MALFUNCTION, REACTION, COMPLICATION OF ORTHOPEDIC DEVICE OR PROCEDURE","MALFUNCTION, REACTION, COMPLICATION OF ORTHOPEDIC DEVICE OR PROCEDURE",100.0
APR DRG Description,MAJOR BLADDER PROCEDURES,MAJOR BLADDER PROCEDURES,100.0
APR DRG Description,"SKIN GRAFT, EXCEPT HAND, FOR MUSCULOSKELETAL AND CONNECTIVE TISSUE DIAGNOSES","SKIN GRAFT, EXCEPT HAND, FOR MUSCULOSKELETAL AND CONNECTIVE TISSUE DIAGNOSES",100.0
APR DRG Description,CARDIAC VALVE PROCEDURES WITH AMI OR COMPLEX PRINCIPAL DIAGNOSIS,CARDIAC VALVE PROCEDURES WITH AMI OR COMPLEX PRINCIPAL DIAGNOSIS,100.0
APR DRG Description,MAJOR ESOPHAGEAL DISORDERS,MAJOR ESOPHAGEAL DISORDERS,100.0
APR DRG Description,NEONATE BIRTH WEIGHT > 2499 GRAMS WITH CONGENITAL OR PERINATAL INFECTION,NEONATE BIRTH WEIGHT > 2499 GRAMS WITH CONGENITAL OR PERINATAL INFECTION,100.0
APR DRG Description,CARDIAC VALVE PROCEDURES WITHOUT AMI OR COMPLEX PRINCIPAL DIAGNOSIS,CARDIAC VALVE PROCEDURES WITHOUT AMI OR COMPLEX PRINCIPAL DIAGNOSIS,100.0
APR DRG Description,VIRAL MENINGITIS,VIRAL MENINGITIS,100.0
APR DRG Description,HEAD TRAUMA WITH COMA > 1 HOUR OR HEMORRHAGE,HEAD TRAUMA WITH COMA > 1 HOUR OR HEMORRHAGE,100.0
APR DRG Description,EXTRACORPOREAL MEMBRANE OXYGENATION (ECMO),EXTRACORPOREAL MEMBRANE OXYGENATION (ECMO),100.0
APR DRG Description,NEONATE BIRTH WEIGHT > 2499 GRAMS WITH MAJOR ANOMALY,NEONATE BIRTH WEIGHT > 2499 GRAMS WITH MAJOR ANOMALY,100.0
APR DRG Description,"ABORTION WITH D&C, ASPIRATION CURETTAGE OR HYSTEROTOMY","ABORTION WITH D&C, ASPIRATION CURETTAGE OR HYSTEROTOMY",100.0
APR DRG Description,MAJOR BILIARY TRACT PROCEDURES,MAJOR BILIARY TRACT PROCEDURES,100.0
APR DRG Description,"HERNIA PROCEDURES EXCEPT INGUINAL, FEMORAL AND UMBILICAL","HERNIA PROCEDURES EXCEPT INGUINAL, FEMORAL AND UMBILICAL",100.0
APR DRG Description,ELECTIVE KNEE JOINT REPLACEMENT,ELECTIVE KNEE JOINT REPLACEMENT,100.0
APR DRG Description,PERCUTANEOUS INTRACRANIAL AND EXTRACRANIAL VASCULAR PROCEDURES,PERCUTANEOUS INTRACRANIAL AND EXTRACRANIAL VASCULAR PROCEDURES,100.0
APR DRG Description,"POST-OPERATIVE, POST-TRAUMA, OTHER DEVICE INFECTIONS WITH O.R. PROCEDURE","POST-OPERATIVE, POST-TRAUMA, OTHER DEVICE INFECTIONS WITH O.R. PROCEDURE",100.0
APR DRG Description,"MAJOR PANCREAS, LIVER AND SHUNT PROCEDURES","MAJOR PANCREAS, LIVER AND SHUNT PROCEDURES",100.0
APR DRG Description,OTHER DRUG ABUSE AND DEPENDENCE,OTHER DRUG ABUSE AND DEPENDENCE,100.0
APR DRG Description,OTHER RESPIRATORY AND CHEST PROCEDURES,OTHER RESPIRATORY AND CHEST PROCEDURES,100.0
APR DRG Description,"POST-OPERATIVE, POST-TRAUMATIC, OTHER DEVICE INFECTIONS","POST-OPERATIVE, POST-TRAUMATIC, OTHER DEVICE INFECTIONS",100.0
APR DRG Description,"MALFUNCTION, REACTION, COMPLICATION OF CARDIAC OR VASCULAR DEVICE OR PROCEDURE","MALFUNCTION, REACTION, COMPLICATION OF CARDIAC OR VASCULAR DEVICE OR PROCEDURE",100.0
APR DRG Description,UTERINE AND ADNEXA PROCEDURES FOR LEIOMYOMA,UTERINE AND ADNEXA PROCEDURES FOR LEIOMYOMA,100.0
APR DRG Description,NEONATE BIRTH WEIGHT 2000-2499 GRAMS WITH RESPIRATORY DISTRESS SYNDROME OR OTHER MAJOR RESPIRATORY CONDITION,NEONATE BIRTH WEIGHT 2000-2499 GRAMS WITH RESPIRATORY DISTRESS SYNDROME OR OTHER MAJOR RESPIRATORY CONDITION,100.0
APR DRG Description,CARDIAC ARREST AND SHOCK,CARDIAC ARREST AND SHOCK,100.0
APR DRG Description,INFECTIOUS AND PARASITIC DISEASES INCLUDING HIV WITH O.R. PROCEDURE,INFECTIOUS AND PARASITIC DISEASES INCLUDING HIV WITH O.R. PROCEDURE,100.0
APR DRG Description,OTHER ENDOCRINE DISORDERS,OTHER ENDOCRINE DISORDERS,100.0
APR DRG Description,POISONING OF MEDICINAL AGENTS,POISONING OF MEDICINAL AGENTS,100.0
APR DRG Description,MODERATELY EXTENSIVE O.R. PROCEDURES FOR OTHER COMPLICATIONS OF TREATMENT,MODERATELY EXTENSIVE O.R. PROCEDURES FOR OTHER COMPLICATIONS OF TREATMENT,100.0
APR DRG Description,"TENDON, MUSCLE AND OTHER SOFT TISSUE PROCEDURES","TENDON, MUSCLE AND OTHER SOFT TISSUE PROCEDURES",100.0
APR DRG Description,HEPATIC COMA AND OTHER MAJOR ACUTE LIVER DISORDERS,HEPATIC COMA AND OTHER MAJOR ACUTE LIVER DISORDERS,100.0
APR DRG Description,POSTPARTUM AND POST ABORTION DIAGNOSIS WITH O.R. PROCEDURE,POSTPARTUM AND POST ABORTION DIAGNOSIS WITH O.R. PROCEDURE,100.0
APR DRG Description,"PENIS, TESTES AND SCROTAL PROCEDURES","PENIS, TESTES AND SCROTAL PROCEDURES",100.0
APR DRG Description,SPINAL FUSION AND OTHER BACK AND NECK PROCEDURES EXCEPT FOR DISC PROCEDURES,SPINAL FUSION AND OTHER BACK AND NECK PROCEDURES EXCEPT FOR DISC PROCEDURES,100.0
APR DRG Description,SPINAL PROCEDURES,SPINAL PROCEDURES,100.0
APR DRG Description,"ABORTION WITHOUT D&C, ASPIRATION CURETTAGE OR HYSTEROTOMY","ABORTION WITHOUT D&C, ASPIRATION CURETTAGE OR HYSTEROTOMY",100.0
APR DRG Description,SKIN ULCERS,SKIN ULCERS,100.0
APR DRG Description,GASTROINTESTINAL VASCULAR INSUFFICIENCY,GASTROINTESTINAL VASCULAR INSUFFICIENCY,100.0
APR DRG Description,VAGINAL DELIVERY WITH STERILIZATION AND/OR D&C,VAGINAL DELIVERY WITH STERILIZATION AND/OR D&C,100.0
APR DRG Description,OTHER SMALL AND LARGE BOWEL PROCEDURES,OTHER SMALL AND LARGE BOWEL PROCEDURES,100.0
APR DRG Description,"MALIGNANCY, MALE REPRODUCTIVE SYSTEM","MALIGNANCY, MALE REPRODUCTIVE SYSTEM",100.0
APR DRG Description,"SHOULDER, UPPER ARM AND FOREARM PROCEDURES EXCEPT JOINT REPLACEMENT","SHOULDER, UPPER ARM AND FOREARM PROCEDURES EXCEPT JOINT REPLACEMENT",100.0
APR DRG Description,ELECTIVE HIP JOINT REPLACEMENT,ELECTIVE HIP JOINT REPLACEMENT,100.0
APR DRG Description,FRACTURE OF FEMUR,FRACTURE OF FEMUR,100.0
APR DRG Description,MAJOR SMALL BOWEL PROCEDURES,MAJOR SMALL BOWEL PROCEDURES,100.0
APR DRG Description,OTHER CIRCULATORY SYSTEM PROCEDURES,OTHER CIRCULATORY SYSTEM PROCEDURES,100.0
APR DRG Description,OTHER DIGESTIVE SYSTEM AND ABDOMINAL PROCEDURES,OTHER DIGESTIVE SYSTEM AND ABDOMINAL PROCEDURES,100.0
APR DRG Description,HIV WITH ONE SIGNIFICANT HIV CONDITION OR WITHOUT SIGNIFICANT RELATED CONDITIONS,HIV WITH ONE SIGNIFICANT HIV CONDITION OR WITHOUT SIGNIFICANT RELATED CONDITIONS,100.0
APR DRG Description,COCAINE ABUSE AND DEPENDENCE,COCAINE ABUSE AND DEPENDENCE,100.0
APR DRG Description,SHOULDER AND ELBOW JOINT REPLACEMENT,SHOULDER AND ELBOW JOINT REPLACEMENT,100.0
APR DRG Description,"PERMANENT CARDIAC PACEMAKER IMPLANT WITHOUT AMI, HEART FAILURE OR SHOCK","PERMANENT CARDIAC PACEMAKER IMPLANT WITHOUT AMI, HEART FAILURE OR SHOCK",100.0
APR DRG Description,NEONATE BIRTH WEIGHT 2000-2499 GRAMS WITH OTHER SIGNIFICANT CONDITION,NEONATE BIRTH WEIGHT 2000-2499 GRAMS WITH OTHER SIGNIFICANT CONDITION,100.0
APR DRG Description,"OTHER SKIN, SUBCUTANEOUS TISSUE AND BREAST DISORDERS","OTHER SKIN, SUBCUTANEOUS TISSUE AND BREAST DISORDERS",100.0
APR DRG Description,NEONATE BIRTH WEIGHT 1000-1249 GRAMS WITH RESPIRATORY DISTRESS SYNDROME OR OTHER MAJOR RESPIRATORY CONDITION OR MAJOR ANOMALY,NEONATE BIRTH WEIGHT 1000-1249 GRAMS WITH RESPIRATORY DISTRESS SYNDROME OR OTHER MAJOR RESPIRATORY CONDITION OR MAJOR ANOMALY,100.0
APR DRG Description,"OTHER EAR, NOSE, MOUTH AND THROAT PROCEDURES","OTHER EAR, NOSE, MOUTH, THROAT, CRANIOFACIAL, AND NECK PROCEDURES",74.50980392156863
APR DRG Description,OTHER OPEN CRANIOTOMY,OTHER OPEN CRANIOTOMY,100.0
APR DRG Description,OPEN EXTRACRANIAL VASCULAR PROCEDURES,OPEN EXTRACRANIAL VASCULAR PROCEDURES,100.0
APR DRG Description,KIDNEY AND URINARY TRACT PROCEDURES FOR MALIGNANCY,KIDNEY AND URINARY TRACT PROCEDURES FOR MALIGNANCY,100.0
APR DRG Description,INTRACRANIAL HEMORRHAGE,INTRACRANIAL HEMORRHAGE,100.0
APR DRG Description,TRACHEOSTOMY WITH MV >96 HOURS WITH EXTENSIVE PROCEDURE,TRACHEOSTOMY WITH MV >96 HOURS WITH EXTENSIVE PROCEDURE,100.0
APR DRG Description,NON-ELECTIVE OR COMPLEX HIP JOINT REPLACEMENT,NON-ELECTIVE OR COMPLEX HIP JOINT REPLACEMENT,100.0
APR DRG Description,KNEE AND LOWER LEG PROCEDURES EXCEPT FOOT,KNEE AND LOWER LEG PROCEDURES EXCEPT FOOT,100.0
APR DRG Description,MUSCULOSKELETAL MALIGNANCY AND PATHOLOGICAL FRACTURE DUE TO MUSCULOSKELETAL MALIGNANCY,MUSCULOSKELETAL MALIGNANCY AND PATHOLOGICAL FRACTURE DUE TO MUSCULOSKELETAL MALIGNANCY,100.0
APR DRG Description,NEONATE BIRTH WEIGHT 1500-1999 GRAMS WITH MAJOR ANOMALY,NEONATE BIRTH WEIGHT 1500-1999 GRAMS WITH MAJOR ANOMALY,100.0
APR DRG Description,ACUTE AND SUBACUTE ENDOCARDITIS,ACUTE AND SUBACUTE ENDOCARDITIS,100.0
APR DRG Description,MAJOR ABDOMINAL VASCULAR PROCEDURES,MAJOR ABDOMINAL VASCULAR PROCEDURES,100.0
APR DRG Description,EXTENSIVE O.R. PROCEDURE UNRELATED TO PRINCIPAL DIAGNOSIS,EXTENSIVE O.R. PROCEDURE UNRELATED TO PRINCIPAL DIAGNOSIS,100.0
APR DRG Description,NON-EXTENSIVE O.R. PROCEDURE UNRELATED TO PRINCIPAL DIAGNOSIS,NON-EXTENSIVE O.R. PROCEDURE UNRELATED TO PRINCIPAL DIAGNOSIS,100.0
APR DRG Description,MODERATELY EXTENSIVE O.R. PROCEDURE UNRELATED TO PRINCIPAL DIAGNOSIS,MODERATELY EXTENSIVE O.R. PROCEDURE UNRELATED TO PRINCIPAL DIAGNOSIS,100.0
APR DRG Description,NEONATE BIRTH WEIGHT 1500-1999 GRAMS WITH RESPIRATORY DISTRESS SYNDROME OR OTHER MAJOR RESPIRATORY CONDITION,NEONATE BIRTH WEIGHT 1500-1999 GRAMS WITH RESPIRATORY DISTRESS SYNDROME OR OTHER MAJOR RESPIRATORY CONDITION,100.0
APR DRG Description,CHIMERIC ANTIGEN RECEPTOR (CAR) T-CELL AND OTHER IMMUNOTHERAPIES,CHIMERIC ANTIGEN RECEPTOR (CAR) T-CELL AND OTHER IMMUNOTHERAPIES,100.0
APR DRG Description,MUSCULOSKELETAL AND OTHER PROCEDURES FOR MULTIPLE SIGNIFICANT TRAUMA,MUSCULOSKELETAL AND OTHER PROCEDURES FOR MULTIPLE SIGNIFICANT TRAUMA,100.0
APR DRG Description,OTHER MENTAL HEALTH DISORDERS,OTHER MENTAL HEALTH DISORDERS,100.0
APR DRG Description,MAJOR CRANIAL OR FACIAL BONE PROCEDURES,MAJOR CRANIAL OR FACIAL BONE PROCEDURES,100.0
APR DRG Description,"CONTUSION, OPEN WOUND AND OTHER TRAUMA TO SKIN AND SUBCUTANEOUS TISSUE","CONTUSION, OPEN WOUND AND OTHER TRAUMA TO SKIN AND SUBCUTANEOUS TISSUE",100.0
APR DRG Description,NEONATE BIRTH WEIGHT 1500-1999 GRAMS WITH OR WITHOUT OTHER SIGNIFICANT CONDITION,NEONATE BIRTH WEIGHT 1500-1999 GRAMS WITH OR WITHOUT OTHER SIGNIFICANT CONDITION,100.0
APR DRG Description,HEART AND/OR LUNG TRANSPLANT,HEART AND/OR LUNG TRANSPLANT,100.0
APR DRG Description,MAJOR MALE PELVIC PROCEDURES,MAJOR MALE PELVIC PROCEDURES,100.0
APR DRG Description,FEMALE REPRODUCTIVE SYSTEM RECONSTRUCTIVE PROCEDURES,FEMALE REPRODUCTIVE SYSTEM RECONSTRUCTIVE PROCEDURES,100.0
APR DRG Description,EATING DISORDERS,EATING DISORDERS,100.0
APR DRG Description,MAJOR RESPIRATORY AND CHEST PROCEDURES,MAJOR RESPIRATORY AND CHEST PROCEDURES,100.0
APR DRG Description,KIDNEY AND URINARY TRACT PROCEDURES FOR NON-MALIGNANCY,KIDNEY AND URINARY TRACT PROCEDURES FOR NON-MALIGNANCY,100.0
APR DRG Description,UTERINE AND ADNEXA PROCEDURES FOR NON-OVARIAN AND NON-ADNEXAL MALIGNANCY,UTERINE AND ADNEXA PROCEDURES FOR NON-OVARIAN AND NON-ADNEXAL MALIGNANCY,100.0
APR DRG Description,FEMALE REPRODUCTIVE SYSTEM INFECTIONS,FEMALE REPRODUCTIVE SYSTEM INFECTIONS,100.0
APR DRG Description,AUTOLOGOUS BONE MARROW TRANSPLANT,AUTOLOGOUS BONE MARROW TRANSPLANT,100.0
APR DRG Description,PERCUTANEOUS STRUCTURAL CARDIAC PROCEDURES,PERCUTANEOUS STRUCTURAL CARDIAC PROCEDURES,100.0
APR DRG Description,CORONARY BYPASS WITHOUT AMI OR COMPLEX PRINCIPAL DIAGNOSIS,CORONARY BYPASS WITHOUT AMI OR COMPLEX PRINCIPAL DIAGNOSIS,100.0
APR DRG Description,NEONATE BIRTH WEIGHT 2000-2499 GRAMS WITH MAJOR ANOMALY,NEONATE BIRTH WEIGHT 2000-2499 GRAMS WITH MAJOR ANOMALY,100.0
APR DRG Description,"OTHER HEPATOBILIARY, PANCREAS AND ABDOMINAL PROCEDURES","OTHER HEPATOBILIARY, PANCREAS AND ABDOMINAL PROCEDURES",100.0
APR DRG Description,"EAR, NOSE, MOUTH, THROAT AND CRANIAL OR FACIAL MALIGNANCIES","EAR, NOSE, MOUTH, THROAT AND CRANIAL OR FACIAL MALIGNANCIES",100.0
APR DRG Description,ACUTE LEUKEMIA,ACUTE LEUKEMIA,100.0
APR DRG Description,OTHER PROCEDURES OF BLOOD AND BLOOD-FORMING ORGANS,OTHER PROCEDURES OF BLOOD AND BLOOD-FORMING ORGANS,100.0
APR DRG Description,FACIAL BONE PROCEDURES EXCEPT MAJOR CRANIAL OR FACIAL BONE PROCEDURES,FACIAL BONE PROCEDURES EXCEPT MAJOR CRANIAL OR FACIAL BONE PROCEDURES,100.0
APR DRG Description,HEMORRHAGE OR HEMATOMA DUE TO COMPLICATION,HEMORRHAGE OR HEMATOMA DUE TO COMPLICATION,100.0
APR DRG Description,"MAJOR O.R. PROCEDURES FOR LYMPHATIC, HEMATOPOIETIC OR OTHER NEOPLASMS","MAJOR O.R. PROCEDURES FOR LYMPHATIC, HEMATOPOIETIC OR OTHER NEOPLASMS",100.0
APR DRG Description,THYROID DISORDERS,THYROID DISORDERS,100.0
APR DRG Description,CHEMOTHERAPY FOR ACUTE LEUKEMIA,CHEMOTHERAPY FOR ACUTE LEUKEMIA,100.0
APR DRG Description,IMPLANTABLE HEART ASSIST SYSTEMS,IMPLANTABLE HEART ASSIST SYSTEMS,100.0
APR DRG Description,"OTHER STOMACH, ESOPHAGEAL AND DUODENAL PROCEDURES","OTHER STOMACH, ESOPHAGEAL AND DUODENAL PROCEDURES",100.0
APR DRG Description,NEONATE BIRTH WEIGHT 2000-2499 GRAMS WITH CONGENITAL OR PERINATAL INFECTION,NEONATE BIRTH WEIGHT 2000-2499 GRAMS WITH CONGENITAL OR PERINATAL INFECTION,100.0
APR DRG Description,BEHAVIORAL DISORDERS,BEHAVIORAL DISORDERS,100.0
APR DRG Description,REHABILITATION,REHABILITATION,100.0
APR DRG Description,DISORDERS OF PERSONALITY AND IMPULSE CONTROL,DISORDERS OF PERSONALITY AND IMPULSE CONTROL,100.0
APR DRG Description,RESPIRATORY MALIGNANCY,RESPIRATORY MALIGNANCY,100.0
APR DRG Description,EXTENSIVE ABDOMINAL OR THORACIC PROCEDURES FOR MULTIPLE SIGNIFICANT TRAUMA,EXTENSIVE ABDOMINAL OR THORACIC PROCEDURES FOR MULTIPLE SIGNIFICANT TRAUMA,100.0
APR DRG Description,NONSPECIFIC CVA AND PRECEREBRAL OCCLUSION WITHOUT INFARCTION,NONSPECIFIC CVA AND PRECEREBRAL OCCLUSION WITHOUT INFARCTION,100.0
APR DRG Description,MAJOR SKIN DISORDERS,MAJOR SKIN DISORDERS,100.0
APR DRG Description,NEONATE BIRTH WEIGHT 1250-1499 GRAMS WITH RESPIRATORY DISTRESS SYNDROME OR OTHER MAJOR RESPIRATORY CONDITION OR MAJOR ANOMALY,NEONATE BIRTH WEIGHT 1250-1499 GRAMS WITH RESPIRATORY DISTRESS SYNDROME OR OTHER MAJOR RESPIRATORY CONDITION OR MAJOR ANOMALY,100.0
APR DRG Description,VENTRICULAR SHUNT PROCEDURES,VENTRICULAR SHUNT PROCEDURES,100.0
APR DRG Description,OTHER MUSCULOSKELETAL SYSTEM AND CONNECTIVE TISSUE PROCEDURES,OTHER MUSCULOSKELETAL SYSTEM AND CONNECTIVE TISSUE PROCEDURES,100.0
APR DRG Description,OTHER PERCUTANEOUS INTRACRANIAL PROCEDURES,OTHER PERCUTANEOUS INTRACRANIAL PROCEDURES,100.0
APR DRG Description,OTHER MAJOR HEAD AND NECK PROCEDURES,OTHER MAJOR HEAD AND NECK PROCEDURES,100.0
APR DRG Description,LOWER EXTREMITY ARTERIAL PROCEDURES,LOWER EXTREMITY ARTERIAL PROCEDURES,100.0
APR DRG Description,FOOT AND TOE PROCEDURES,FOOT AND TOE PROCEDURES,100.0
APR DRG Description,KIDNEY AND URINARY TRACT MALIGNANCY,KIDNEY AND URINARY TRACT MALIGNANCY,100.0
APR DRG Description,OTHER SIGNIFICANT HIP AND FEMUR SURGERY,OTHER SIGNIFICANT HIP AND FEMUR SURGERY,100.0
APR DRG Description,"LYMPHOMA, MYELOMA AND NON-ACUTE LEUKEMIA","LYMPHOMA, MYELOMA AND NON-ACUTE LEUKEMIA",100.0
APR DRG Description,OPEN CRANIOTOMY FOR TRAUMA,OPEN CRANIOTOMY FOR TRAUMA,100.0
APR DRG Description,OTHER CARDIOTHORACIC AND THORACIC VASCULAR PROCEDURES,OTHER CARDIOTHORACIC AND THORACIC VASCULAR PROCEDURES,100.0
APR DRG Description,SPINAL DISORDERS AND INJURIES,SPINAL DISORDERS AND INJURIES,100.0
APR DRG Description,OTHER BLADDER PROCEDURES,OTHER BLADDER PROCEDURES,100.0
APR DRG Description,"OTHER O.R. PROCEDURES FOR LYMPHATIC, HEMATOPOIETIC OR OTHER NEOPLASMS","OTHER O.R. PROCEDURES FOR LYMPHATIC, HEMATOPOIETIC OR OTHER NEOPLASMS",100.0
APR DRG Description,"OTHER INJURY, POISONING AND TOXIC EFFECT DIAGNOSES","OTHER INJURY, POISONING AND TOXIC EFFECT DIAGNOSES",100.0
APR DRG Description,ORGANIC MENTAL HEALTH DISTURBANCES,ORGANIC MENTAL HEALTH DISTURBANCES,100.0
APR DRG Description,ADJUSTMENT DISORDERS AND NEUROSES EXCEPT DEPRESSIVE DIAGNOSES,ADJUSTMENT DISORDERS AND NEUROSES EXCEPT DEPRESSIVE DIAGNOSES,100.0
APR DRG Description,"NEONATE, TRANSFERRED < 5 DAYS OLD, BORN HERE","NEONATE, TRANSFERRED < 5 DAYS OLD, BORN HERE",100.0
APR DRG Description,TRANSURETHRAL PROSTATECTOMY,TRANSURETHRAL PROSTATECTOMY,100.0
APR DRG Description,ORBIT AND EYE PROCEDURES,ORBIT AND EYE PROCEDURES,100.0
APR DRG Description,CLEFT LIP AND PALATE REPAIR,CLEFT LIP AND PALATE REPAIR,100.0
APR DRG Description,NEONATE BIRTH WEIGHT < 1500 GRAMS WITH MAJOR PROCEDURE,NEONATE BIRTH WEIGHT < 1500 GRAMS WITH MAJOR PROCEDURE,100.0
APR DRG Description,MASTECTOMY PROCEDURES,MASTECTOMY PROCEDURES,100.0
APR DRG Description,NON-EXTENSIVE O.R. PROCEDURES FOR OTHER COMPLICATIONS OF TREATMENT,NON-EXTENSIVE O.R. PROCEDURES FOR OTHER COMPLICATIONS OF TREATMENT,100.0
APR DRG Description,MAJOR CARDIOTHORACIC REPAIR OF HEART ANOMALY,MAJOR CARDIOTHORACIC REPAIR OF HEART ANOMALY,100.0
APR DRG Description,BREAST PROCEDURES EXCEPT MASTECTOMY,BREAST PROCEDURES EXCEPT MASTECTOMY,100.0
APR DRG Description,"THYROID, PARATHYROID AND THYROGLOSSAL PROCEDURES","THYROID, PARATHYROID AND THYROGLOSSAL PROCEDURES",100.0
APR DRG Description,"OTHER PROCEDURES FOR ENDOCRINE, NUTRITIONAL AND METABOLIC DISORDERS","OTHER PROCEDURES FOR ENDOCRINE, NUTRITIONAL AND METABOLIC DISORDERS",100.0
APR DRG Description,"OTHER KIDNEY, URINARY TRACT AND RELATED PROCEDURES","OTHER KIDNEY, URINARY TRACT AND RELATED PROCEDURES",100.0
APR DRG Description,SKIN GRAFT FOR SKIN AND SUBCUTANEOUS TISSUE DIAGNOSES,SKIN GRAFT FOR SKIN AND SUBCUTANEOUS TISSUE DIAGNOSES,100.0
APR DRG Description,"PROCEDURE WITH DIAGNOSIS OF REHABILITATION, AFTERCARE OR OTHER CONTACT WITH HEALTH SERVICES","PROCEDURE WITH DIAGNOSIS OF REHABILITATION, AFTERCARE OR OTHER CONTACT WITH HEALTH SERVICES",100.0
APR DRG Description,OTHER NERVOUS SYSTEM AND RELATED PROCEDURES,OTHER NERVOUS SYSTEM AND RELATED PROCEDURES,100.0
APR DRG Description,OTHER FEMALE REPRODUCTIVE SYSTEM AND RELATED PROCEDURES,OTHER FEMALE REPRODUCTIVE SYSTEM AND RELATED PROCEDURES,100.0
APR DRG Description,OTHER MALE REPRODUCTIVE SYSTEM AND RELATED PROCEDURES,OTHER MALE REPRODUCTIVE SYSTEM AND RELATED PROCEDURES,100.0
APR DRG Description,EXTENSIVE O.R. PROCEDURES FOR OTHER COMPLICATIONS OF TREATMENT,EXTENSIVE O.R. PROCEDURES FOR OTHER COMPLICATIONS OF TREATMENT,100.0
APR DRG Description,NEPHRITIS AND NEPHROSIS,NEPHRITIS AND NEPHROSIS,100.0
APR DRG Description,NON-ELECTIVE OR COMPLEX KNEE JOINT REPLACEMENT,NON-ELECTIVE OR COMPLEX KNEE JOINT REPLACEMENT,100.0
APR DRG Description,NEONATE BIRTH WEIGHT 1250-1499 GRAMS WITH OR WITHOUT SIGNIFICANT CONDITION,NEONATE BIRTH WEIGHT 1250-1499 GRAMS WITH OR WITHOUT SIGNIFICANT CONDITION,100.0
APR DRG Description,EXTERNAL HEART ASSIST SYSTEMS,EXTERNAL HEART ASSIST SYSTEMS,100.0
APR DRG Description,CYSTIC FIBROSIS - PULMONARY DISEASE,CYSTIC FIBROSIS - PULMONARY DISEASE,100.0
APR DRG Description,CARDIOMYOPATHY,CARDIOMYOPATHY,100.0
APR DRG Description,ALLOGENEIC BONE MARROW TRANSPLANT,ALLOGENEIC BONE MARROW TRANSPLANT,100.0
APR DRG Description,BPD AND OTHER CHRONIC RESPIRATORY DISEASES ARISING IN PERINATAL PERIOD,BPD AND OTHER CHRONIC RESPIRATORY DISEASES ARISING IN PERINATAL PERIOD,100.0
APR DRG Description,NEONATE BIRTH WEIGHT 750-999 GRAMS WITHOUT MAJOR PROCEDURE,NEONATE BIRTH WEIGHT 750-999 GRAMS WITHOUT MAJOR PROCEDURE,100.0
APR DRG Description,"INSERTION, REVISION AND REPLACEMENTS OF PACEMAKER AND OTHER CARDIAC DEVICES","INSERTION, REVISION AND REPLACEMENTS OF PACEMAKER AND OTHER CARDIAC DEVICES",100.0
APR DRG Description,"NEONATE BIRTH WEIGHT < 500 GRAMS, OR BIRTH WEIGHT 500-999 GRAMS AND GESTATIONAL AGE <24 WEEKS, OR BIRTH WEIGHT 500-749 GRAMS WITH MAJOR ANOMALY OR WITHOUT LIFE SUSTAINING INTERVENTION","NEONATE BIRTH WEIGHT < 500 GRAMS, OR BIRTH WEIGHT 500-999 GRAMS AND GESTATIONAL AGE <24 WEEKS, OR BIRTH WEIGHT 500-749 GRAMS WITH MAJOR ANOMALY OR WITHOUT LIFE SUSTAINING INTERVENTION",100.0
APR DRG Description,GASTRIC FUNDOPLICATION,GASTRIC FUNDOPLICATION,100.0
APR DRG Description,NEONATE BIRTH WEIGHT > 2499 GRAMS WITH OTHER MAJOR PROCEDURE,NEONATE BIRTH WEIGHT > 2499 GRAMS WITH OTHER MAJOR PROCEDURE,100.0
APR DRG Description,PANCREAS TRANSPLANT,PANCREAS TRANSPLANT,100.0
APR DRG Description,MENTAL ILLNESS DIAGNOSIS WITH O.R. PROCEDURE,MENTAL ILLNESS DIAGNOSIS WITH O.R. PROCEDURE,100.0
APR DRG Description,NEONATE BIRTH WEIGHT 500-749 GRAMS WITHOUT MAJOR PROCEDURE,NEONATE BIRTH WEIGHT 500-749 GRAMS WITHOUT MAJOR PROCEDURE,100.0
APR DRG Description,DILATION AND CURETTAGE FOR NON-OBSTETRIC DIAGNOSES,DILATION AND CURETTAGE FOR NON-OBSTETRIC DIAGNOSES,100.0
APR DRG Description,NEONATE BIRTH WEIGHT 1500-2499 GRAMS WITH MAJOR PROCEDURE,NEONATE BIRTH WEIGHT 1500-2499 GRAMS WITH MAJOR PROCEDURE,100.0
APR DRG Description,CARDIAC PACEMAKER AND DEFIBRILLATOR REVISION EXCEPT DEVICE REPLACEMENT,CARDIAC PACEMAKER AND DEFIBRILLATOR REVISION EXCEPT DEVICE REPLACEMENT,100.0
APR DRG Description,NEONATE WITH ECMO,NEONATE WITH ECMO,100.0
APR DRG Description,UTERINE AND ADNEXA PROCEDURES FOR OVARIAN AND ADNEXAL MALIGNANCY,UTERINE AND ADNEXA PROCEDURES FOR OVARIAN AND ADNEXAL MALIGNANCY,100.0
APR DRG Description,"PELVIC EVISCERATION, RADICAL HYSTERECTOMY AND OTHER RADICAL GYNECOLOGICAL PROCEDURES","PELVIC EVISCERATION, RADICAL HYSTERECTOMY AND OTHER RADICAL GYNECOLOGICAL PROCEDURES",100.0
APR DRG Description,"BRAIN CONTUSION OR LACERATION AND COMPLICATED SKULL FRACTURE, COMA < 1 HOUR OR NO COMA","BRAIN CONTUSION OR LACERATION AND COMPLICATED SKULL FRACTURE, COMA < 1 HOUR OR NO COMA",100.0
APR DRG Description,NEONATE BIRTH WEIGHT 1500-1999 GRAMS WITH CONGENITAL OR PERINATAL INFECTION,NEONATE BIRTH WEIGHT 1500-1999 GRAMS WITH CONGENITAL OR PERINATAL INFECTION,100.0
APR DRG Description,NEONATAL AFTERCARE,NEONATAL AFTERCARE,100.0
APR DRG Description,UNGROUPABLE,UNGROUPABLE,100.0
APR DRG Description,EXTENSIVE THIRD DEGREE BURNS WITHOUT SKIN GRAFT,EXTENSIVE THIRD DEGREE BURNS WITHOUT SKIN GRAFT,100.0
APR DRG Description,CRANIOTOMY FOR MULTIPLE SIGNIFICANT TRAUMA,CRANIOTOMY FOR MULTIPLE SIGNIFICANT TRAUMA,100.0
APR DRG Description,"PERMANENT CARDIAC PACEMAKER IMPLANT WITH AMI, HEART FAILURE OR SHOCK","PERMANENT CARDIAC PACEMAKER IMPLANT WITH AMI, HEART FAILURE OR SHOCK",100.0
APR DRG Description,NEONATE BIRTH WEIGHT 1000-1249 GRAMS WITH OR WITHOUT SIGNIFICANT CONDITION,NEONATE BIRTH WEIGHT 1000-1249 GRAMS WITH OR WITHOUT SIGNIFICANT CONDITION,100.0
APR DRG Description,SPLENECTOMY,CHOLECYSTECTOMY,61.53846153846154
APR DRG Description,RADIOTHERAPY,RADIOTHERAPY,100.0
APR DRG Description,"NEONATE, TRANSFERRED < 5 DAYS OLD, NOT BORN HERE","NEONATE, TRANSFERRED < 5 DAYS OLD, NOT BORN HERE",100.0
APR DRG Description,EXTENSIVE THIRD DEGREE BURNS WITH SKIN GRAFT,EXTENSIVE THIRD DEGREE BURNS WITH SKIN GRAFT,100.0
APR MDC Code,23,23,100.0
APR MDC Code,4,4,100.0
APR MDC Code,18,18,100.0
APR MDC Code,16,16,100.0
APR MDC Code,6,6,100.0
APR MDC Code,5,5,100.0
APR MDC Code,11,11,100.0
APR MDC Code,14,14,100.0
APR MDC Code,20,20,100.0
APR MDC Code,1,1,100.0
APR MDC Code,15,15,100.0
APR MDC Code,7,7,100.0
APR MDC Code,10,10,100.0
APR MDC Code,8,8,100.0
APR MDC Code,21,21,100.0
APR MDC Code,9,9,100.0
APR MDC Code,13,13,100.0
APR MDC Code,3,3,100.0
APR MDC Code,19,19,100.0
APR MDC Code,17,17,100.0
APR MDC Code,24,24,100.0
APR MDC Code,2,2,100.0
APR MDC Code,25,25,100.0
APR MDC Code,12,12,100.0
APR MDC Code,22,22,100.0
APR MDC Code,0,0,100.0
APR MDC Description,FACTORS INFLUENCING HLTH STAT & OTHR CONTACTS WITH HLTH SERVCS,REHABILITATION AFTERCARE OTHER FACTORS INFLUENCING HEALTH STATUS AND OTHER HEALTH SERVICE CONTACTS,58.22784810126582
APR MDC Description,DISEASES & DISORDERS OF THE RESPIRATORY SYSTEM,DISEASES AND DISORDERS OF THE RESPIRATORY SYSTEM,95.65217391304348
APR MDC Description,"INFECTIOUS & PARASITIC DISEASES, SYSTEMIC OR UNSPECIFIED SITES","INFECTIOUS AND PARASITIC DISEASES, SYSTEMIC OR UNSPECIFIED SITES",96.72131147540983
APR MDC Description,"DISEASES & DISORDERS OF BLOOD, BLOOD FORMING ORGANS, IMMUNOLOG DISORD",DISEASES AND DISORDERS OF BLOOD BLOOD FORMING ORGANS AND IMMUNOLOG DISORD,94.20289855072464
APR MDC Description,DISEASES & DISORDERS OF THE DIGESTIVE SYSTEM,DISEASES AND DISORDERS OF THE DIGESTIVE SYSTEM,95.45454545454545
APR MDC Description,DISEASES & DISORDERS OF THE CIRCULATORY SYSTEM,DISEASES AND DISORDERS OF THE CIRCULATORY SYSTEM,95.65217391304348
APR MDC Description,DISEASES & DISORDERS OF THE KIDNEY & URINARY TRACT,DISEASES AND DISORDERS OF THE KIDNEY AND URINARY TRACT,92.0
APR MDC Description,"PREGNANCY, CHILDBIRTH & THE PUERPERIUM","PREGNANCY, CHILDBIRTH AND THE PUERPERIUM",94.5945945945946
APR MDC Description,ALCOHOL/DRUG USE & ALCOHOL/DRUG INDUCED ORGANIC MENTAL DISORDERS,ALCOHOL/DRUG USE AND ALCOHOL/DRUG INDUCED ORGANIC MENTAL DISORDERS,96.7741935483871
APR MDC Description,DISEASES & DISORDERS OF THE NERVOUS SYSTEM,DISEASES AND DISORDERS OF THE NERVOUS SYSTEM,95.23809523809523
APR MDC Description,NEWBORNS & OTHER NEONATES WITH CONDTN ORIG IN PERINATAL PERIOD,NEWBORNS AND OTHER NEONATES WITH CONDTN ORIG IN PERINATAL PERIOD,96.7741935483871
APR MDC Description,DISEASES & DISORDERS OF THE HEPATOBILIARY SYSTEM & PANCREAS,DISEASES AND DISORDERS OF THE HEPATOBILIARY SYSTEM AND PANCREAS,93.22033898305084
APR MDC Description,"ENDOCRINE, NUTRITIONAL & METABOLIC DISEASES & DISORDERS",ENDOCRINE NUTRITIONAL AND METABOLIC DISEASES AND DISORDERS,92.5925925925926
APR MDC Description,DISEASES & DISORDERS OF THE MUSCULOSKELETAL SYSTEM & CONN TISSUE,DISEASES AND DISORDERS OF THE MUSCULOSKELETAL SYSTEM AND CONN TISSUE,93.75
APR MDC Description,"INJURIES, POISONINGS & TOXIC EFFECTS OF DRUGS","POISONINGS, TOXIC EFFECTS OTHER INJURIES AND OTHER COMPLICATIONS OF TREATMENT",50.847457627118644
APR MDC Description,"DISEASES & DISORDERS OF THE SKIN, SUBCUTANEOUS TISSUE & BREAST",DISEASES AND DISORDERS OF THE SKIN SUBCUTANEOUS TISSUE AND BREAST,93.44262295081968
APR MDC Description,DISEASES & DISORDERS OF THE FEMALE REPRODUCTIVE SYSTEM,DISEASES AND DISORDERS OF THE FEMALE REPRODUCTIVE SYSTEM,96.2962962962963
APR MDC Description,"DISEASES & DISORDERS OF THE EAR, NOSE, MOUTH & THROAT",DISEASES AND DISORDERS OF THE KIDNEY AND URINARY TRACT,71.28712871287128
APR MDC Description,MENTAL DISEASES & DISORDERS,MENTAL DISEASES AND DISORDERS,92.5925925925926
APR MDC Description,"MYELOPROLIFERATIVE DISEASES & DISORDERS, POORLY DIFFERENTIATED NEOPLASM",DISEASES AND DISORDERS OF THE DIGESTIVE SYSTEM,52.63157894736843
APR MDC Description,HUMAN IMMUNODEFICIENCY VIRUS INFECTIONS,HUMAN IMMUNODEFICIENCY VIRUS INFECTIONS,100.0
APR MDC Description,DISEASES & DISORDERS OF THE EYE,DISEASES AND DISORDERS OF THE EYE,93.5483870967742
APR MDC Description,MULTIPLE SIGNIFICANT TRAUMA,MULTIPLE SIGNIFICANT TRAUMA,100.0
APR MDC Description,DISEASES & DISORDERS OF THE MALE REPRODUCTIVE SYSTEM,DISEASES AND DISORDERS OF THE MALE REPRODUCTIVE SYSTEM,96.15384615384616
APR MDC Description,BURNS,BURNS,100.0
APR MDC Description,PRE MDC,PRE MDC,100.0
APR Severity of Illness Code,2,2,100.0
APR Severity of Illness Code,4,4,100.0
APR Severity of Illness Code,3,3,100.0
APR Severity of Illness Code,1,1,100.0
APR Severity of Illness Code,0,0,100.0
APR Severity of Illness Description,Moderate,Moderate,100.0
APR Severity of Illness Description,Extreme,Extreme,100.0
APR Severity of Illness Description,Major,Major,100.0
APR Severity of Illness Description,Minor,Minor,100.0
APR Risk of Mortality,Moderate,Moderate,100.0
APR Risk of Mortality,Minor,Minor,100.0
APR Risk of Mortality,Extreme,Extreme,100.0
APR Risk of Mortality,Major,Major,100.0
APR Medical Surgical Description,Medical,Medical,100.0
APR Medical Surgical Description,Surgical,Surgical,100.0
APR Medical Surgical Description,Not Applicable,Not Applicable,100.0
Payment Typology 1,Medicaid,Medicaid,100.0
Payment Typology 1,Medicare,Medicare,100.0
Payment Typology 1,Private Health Insurance,Private Health Insurance,100.0
Payment Typology 1,Self-Pay,Self-Pay,100.0
Payment Typology 1,Blue Cross/Blue Shield,Blue Cross/Blue Shield,100.0
Payment Typology 1,Miscellaneous/Other,Miscellaneous/Other,100.0
Payment Typology 1,Federal/State/Local/VA,Federal/State/Local/VA,100.0
Payment Typology 1,Department of Corrections,Department of Corrections,100.0
Payment Typology 1,"Managed Care, Unspecified","Managed Care, Unspecified",100.0
Payment Typology 2,Medicaid,Medicaid,100.0
Payment Typology 2,Blue Cross/Blue Shield,Blue Cross/Blue Shield,100.0
Payment Typology 2,Private Health Insurance,Private Health Insurance,100.0
Payment Typology 2,Federal/State/Local/VA,Federal/State/Local/VA,100.0
Payment Typology 2,Medicare,Medicare,100.0
Payment Typology 2,Self-Pay,Self-Pay,100.0
Payment Typology 2,Miscellaneous/Other,Miscellaneous/Other,100.0
Payment Typology 2,"Managed Care, Unspecified","Managed Care, Unspecified",100.0
Payment Typology 2,Department of Corrections,Department of Corrections,100.0
Payment Typology 3,Medicaid,Medicaid,100.0
Payment Typology 3,Federal/State/Local/VA,Federal/State/Local/VA,100.0
Payment Typology 3,Self-Pay,Self-Pay,100.0
Payment Typology 3,Medicare,Medicare,100.0
Payment Typology 3,Private Health Insurance,Private Health Insurance,100.0
Payment Typology 3,Blue Cross/Blue Shield,Blue Cross/Blue Shield,100.0
Payment Typology 3,"Managed Care, Unspecified","Managed Care, Unspecified",100.0
Payment Typology 3,Miscellaneous/Other,Miscellaneous/Other,100.0
Payment Typology 3,Department of Corrections,Department of Corrections,100.0
